record_id,Dataset,Source,Service,Respondent_Group,Scenario,Sentiment,Sentiment Score,Location,Latitude,Longitude,X,Y,Coordinate_Method,Trip_Time_Minutes,Time_of_Day,Trip_Purpose,Alternative_Mode,Choice_Factors,Barrier_to_Riding,Encouragement,Late_Night_Travel_Change,Views_Changed,Max_WTP,Zero_Emission_Importance,Accessibility_Importance,Distribution_Importance,Transit_Connectivity_Importance,Zero_Emission_Score,Accessibility_Score,Distribution_Score,Transit_Connectivity_Score,Shared_Ride_View,Attraction_to_Project,Text_Summary,Privacy_Notes,Birth Year,Age in 2022,Age Band (2022),Sex,Ethnicity,Degree Program,Years at USF,Home ZIP Code,Lives on Campus,Household / Roommates,Primary Daily Travel Mode
RR-0001,Research Rider Dataset,Anonymized rider/non-rider survey,Cruise,Rider,Safety/Trust,Positive,0.6,Dropoff area,37.779922,-122.463078,-122.463078,37.779922,Final dropoff coordinate from anonymized Dropoff Location field,14.0,12:30 - 1:29 am,Social/recreation,"Yes, Public Transit (Bus, Train, etc.)","Safer alternative,More comfortable     ,Free ride",,,Yes,Yes,$3-4,Somewhat important,Very important,Very important,Somewhat important,3.0,4.0,4.0,3.0,"Not cost effective, a 6 minute drive that should only be 3, due to use of unexcusable routing.",,"respondent_group=Rider; purpose=Social/recreation; alternative=Yes, Public Transit (Bus, Train, etc.); choice_factors=Safer alternative,More comfortable     ,Free ride; barriers=; encouragement=; late_night_change=Yes; views_changed=Yes",Derived public-safe record; raw open-ended responses omitted.,,2022,,,,,,,,,
RR-0003,Research Rider Dataset,Anonymized rider/non-rider survey,Cruise,Rider,Comfort,Positive,0.6,Dropoff area,37.780567,-122.463143,-122.463143,37.780567,Final dropoff coordinate from anonymized Dropoff Location field,10.0,10:30 - 11:29 pm,Social/recreation,"Yes, Public Transit (Bus, Train, etc.)","More mobile app integration (other services / transit apps),Fastest way to get there,More comfortable",,,Yes,Yes,$6-7,Somewhat important,Very important,Very important,Very important,3.0,4.0,4.0,4.0,If I know the other passenger then that sounds like a lovely idea. If it was like ride-sharing with strangers I would be a bit more on edge.,,"respondent_group=Rider; purpose=Social/recreation; alternative=Yes, Public Transit (Bus, Train, etc.); choice_factors=More mobile app integration (other services / transit apps),Fastest way to get there,More comfortable; barriers=; encouragement=; late_night_change=Yes; views_changed=Yes",Derived public-safe record; raw open-ended responses omitted.,2002,20,18–24,Male,Black or African American,BS/BA,2,94118,Yes,3,Drive or Ride with Others (Carpool / Vanpool)
RR-0004,Research Rider Dataset,Anonymized rider/non-rider survey,Cruise,Rider,Rider Experience,Positive,0.25,Dropoff area,37.779871,-122.431717,-122.431717,37.779871,Final dropoff coordinate from anonymized Dropoff Location field,7.0,11:30 - 12:29 am,Social/recreation,"Yes, Walk","More sustainable alternative,Novel technology,Fun",,,No,Yes,$4-5,Very important,Very important,Very important,Somewhat important,4.0,4.0,4.0,3.0,Probably wouldn’t want to share unless I know them,,"respondent_group=Rider; purpose=Social/recreation; alternative=Yes, Walk; choice_factors=More sustainable alternative,Novel technology,Fun; barriers=; encouragement=; late_night_change=No; views_changed=Yes",Derived public-safe record; raw open-ended responses omitted.,,2022,,,,,,94117,No,0,Micromobility (scooters / bikeshare)
RR-0005,Research Rider Dataset,Anonymized rider/non-rider survey,Cruise,Rider,Rider Experience,Positive,0.25,Dropoff area,37.774546,-122.448573,-122.448573,37.774546,Final dropoff coordinate from anonymized Dropoff Location field,14.0,10:30 - 11:29 pm,Social/recreation,"No, I would not have made this trip otherwise.","Don’t need to park,Free ride,Novel technology",,,No,Yes,$10 or more,Very important,Not at all important,Very important,Somewhat important,4.0,,4.0,3.0,,,"respondent_group=Rider; purpose=Social/recreation; alternative=No, I would not have made this trip otherwise.; choice_factors=Don’t need to park,Free ride,Novel technology; barriers=; encouragement=; late_night_change=No; views_changed=Yes",Derived public-safe record; raw open-ended responses omitted.,1998,24,18–24,Male,White,BS/BA,3,94117,No,2,"Rideshare (e.g. Uber, Lyft, etc.)"
RR-0006,Research Rider Dataset,Anonymized rider/non-rider survey,Cruise,Rider,Rider Experience,Neutral,0.0,Dropoff area,37.774597,-122.448423,-122.448423,37.774597,Final dropoff coordinate from anonymized Dropoff Location field,7.0,10:30 - 11:29 pm,Social/recreation,"Yes, Rideshare (e.g. Uber, Lyft, etc.)","Cost (cheaper than alternatives) ,Free ride,Fun",,,No,No,$10 or more,Somewhat important,Not at all important,Very important,Somewhat important,3.0,,4.0,3.0,,,"respondent_group=Rider; purpose=Social/recreation; alternative=Yes, Rideshare (e.g. Uber, Lyft, etc.); choice_factors=Cost (cheaper than alternatives) ,Free ride,Fun; barriers=; encouragement=; late_night_change=No; views_changed=No",Derived public-safe record; raw open-ended responses omitted.,1998,24,18–24,Male,White,BS/BA,3,94117,No,2,"Rideshare (e.g. Uber, Lyft, etc.)"
RR-0007,Research Rider Dataset,Anonymized rider/non-rider survey,Cruise,Rider,Rider Experience,Positive,0.25,Dropoff area,37.776598,-122.421751,-122.421751,37.776598,Final dropoff coordinate from anonymized Dropoff Location field,24.0,11:30 - 12:29 am,Social/recreation,"Yes, Rideshare (e.g. Uber, Lyft, etc.)","Free ride,Novel technology,Fun",,,No,Yes,$10 or more,Somewhat important,Not at all important,Very important,Somewhat important,3.0,,4.0,3.0,"Open for it, as long as i don't loos too much time on it.",,"respondent_group=Rider; purpose=Social/recreation; alternative=Yes, Rideshare (e.g. Uber, Lyft, etc.); choice_factors=Free ride,Novel technology,Fun; barriers=; encouragement=; late_night_change=No; views_changed=Yes",Derived public-safe record; raw open-ended responses omitted.,1998,24,18–24,Male,White,BS/BA,3,94117,No,2,"Rideshare (e.g. Uber, Lyft, etc.)"
RR-0008,Research Rider Dataset,Anonymized rider/non-rider survey,Cruise,Rider,Rider Experience,Positive,0.2,Dropoff area,38.71519,-123.454453,-123.454453,38.71519,Final dropoff coordinate from anonymized Dropoff Location field,35.0,4:30 - 5:29 pm,Work,"Yes, Drive or Ride with Others (Carpool / Vanpool)","More sustainable alternative,Fastest way to get there,Cost (cheaper than alternatives)",,,No,,$3-4,,,,,,,,,,,"respondent_group=Rider; purpose=Work; alternative=Yes, Drive or Ride with Others (Carpool / Vanpool); choice_factors=More sustainable alternative,Fastest way to get there,Cost (cheaper than alternatives); barriers=; encouragement=; late_night_change=No; views_changed=",Derived public-safe record; raw open-ended responses omitted.,,2022,,,,,,,,,
RR-0009,Research Rider Dataset,Anonymized rider/non-rider survey,Cruise,Rider,Safety/Trust,Positive,0.35,Dropoff area,37.776826,-122.451164,-122.451164,37.776826,Final dropoff coordinate from anonymized Dropoff Location field,20.0,10:30 - 11:29 pm,Social/recreation,"Yes, Public Transit (Bus, Train, etc.)","Safer alternative,Fastest way to get there,Free ride",,,Yes,No,$1-2,Somewhat important,Somewhat important,Very important,Very important,3.0,3.0,4.0,4.0,I would definitely recommend it to others.,,"respondent_group=Rider; purpose=Social/recreation; alternative=Yes, Public Transit (Bus, Train, etc.); choice_factors=Safer alternative,Fastest way to get there,Free ride; barriers=; encouragement=; late_night_change=Yes; views_changed=No",Derived public-safe record; raw open-ended responses omitted.,2001,21,18–24,Male,Asian,BS/BA,3,94118,Yes,1,"Public Transit (Bus, Train, etc.)"
RR-0010,Research Rider Dataset,Anonymized rider/non-rider survey,Cruise,Rider,Rider Experience,Positive,0.4,Dropoff area,37.772493,-122.404576,-122.404576,37.772493,Final dropoff coordinate from anonymized Dropoff Location field,10.0,10:30 - 11:29 pm,Other (please specify),"No, I would not have made this trip otherwise.","Free ride,Novel technology,Fun",,,Yes,Yes,$5-6,Very important,Very important,Very important,Very important,4.0,4.0,4.0,4.0,"I would agree with that. I think it's very important for cities that less cars are in occupying the road and transport is as efficient as possible (if that would also mean reducing the cost of that trip why not?). But making sure that you don't lose a lot of time waiting for the other passanger. 
I would maybe be a little bit worried about sharing the same seats. Could it be possible to divide the car in two rows/seperated but still being able to talk with each other. E.g. first raw 1 to 3 people that know each other, separated with a plastic protection (such as now in cruise cars) and then other row with other people picked up on the way.",,"respondent_group=Rider; purpose=Other (please specify); alternative=No, I would not have made this trip otherwise.; choice_factors=Free ride,Novel technology,Fun; barriers=; encouragement=; late_night_change=Yes; views_changed=Yes",Derived public-safe record; raw open-ended responses omitted.,1994,28,25–34,Female,White,Masters,1,94103,No,6 or more,Drive or Ride with Others (Carpool / Vanpool)
RR-0011,Research Rider Dataset,Anonymized rider/non-rider survey,Cruise,Rider,Rider Experience,Positive,0.25,Dropoff area,37.795158,-122.430489,-122.430489,37.795158,Final dropoff coordinate from anonymized Dropoff Location field,22.0,10:30 - 11:29 am,Social/recreation,"Yes, Rideshare (e.g. Uber, Lyft, etc.)","Cost (cheaper than alternatives) ,Free ride,Fun",,,No,Yes,$8-9,Somewhat important,Not at all important,Very important,Somewhat important,3.0,,4.0,3.0,Depending on how much more time it would add to the trip.,,"respondent_group=Rider; purpose=Social/recreation; alternative=Yes, Rideshare (e.g. Uber, Lyft, etc.); choice_factors=Cost (cheaper than alternatives) ,Free ride,Fun; barriers=; encouragement=; late_night_change=No; views_changed=Yes",Derived public-safe record; raw open-ended responses omitted.,2000,22,18–24,Male,White,BS/BA,4,94115,No,0,Drive Alone
RR-0012,Research Rider Dataset,Anonymized rider/non-rider survey,Cruise,Rider,Rider Experience,Neutral,0.0,Dropoff area,37.778329,-122.450105,-122.450105,37.778329,Final dropoff coordinate from anonymized Dropoff Location field,22.0,12:30 - 1:29 am,Social/recreation,"Yes, Rideshare (e.g. Uber, Lyft, etc.)","Free ride,Novel technology,Fun",,,No,No,$8-9,Somewhat important,Not at all important,Very important,Not at all important,3.0,,4.0,,If it did not increase the duration of the trip too much it would be fine.,,"respondent_group=Rider; purpose=Social/recreation; alternative=Yes, Rideshare (e.g. Uber, Lyft, etc.); choice_factors=Free ride,Novel technology,Fun; barriers=; encouragement=; late_night_change=No; views_changed=No",Derived public-safe record; raw open-ended responses omitted.,2000,22,18–24,Male,White,BS/BA,4,94115,No,0,Drive Alone
RR-0013,Research Rider Dataset,Anonymized rider/non-rider survey,Cruise,Rider,Rider Experience,Positive,0.4,Dropoff area,37.799423,-122.438659,-122.438659,37.799423,Final dropoff coordinate from anonymized Dropoff Location field,13.0,11:30 - 12:29 am,Social/recreation,"Yes, Rideshare (e.g. Uber, Lyft, etc.)","Short wait time,Free ride,Novel technology",,,Yes,Yes,$4-5,Very important,Somewhat important,Very important,Very important,4.0,3.0,4.0,4.0,,,"respondent_group=Rider; purpose=Social/recreation; alternative=Yes, Rideshare (e.g. Uber, Lyft, etc.); choice_factors=Short wait time,Free ride,Novel technology; barriers=; encouragement=; late_night_change=Yes; views_changed=Yes",Derived public-safe record; raw open-ended responses omitted.,1998,24,18–24,Male,Other,Masters,2,94123,No,2,"Public Transit (Bus, Train, etc.)"
RR-0014,Research Rider Dataset,Anonymized rider/non-rider survey,Cruise,Rider,Comfort,Positive,0.6,Dropoff area,37.730273,-122.405546,-122.405546,37.730273,Final dropoff coordinate from anonymized Dropoff Location field,25.0,11:30 - 12:29 am,Shop/errands,"No, I would not have made this trip otherwise.","Don’t need to park,More comfortable     ,Cost (cheaper than alternatives)",,,Yes,Yes,$9-10,Somewhat important,Somewhat important,Very important,Very important,3.0,3.0,4.0,4.0,"I would not ride in the car with someone else. The car already takes me 40 minutes to get home from school, and the bus takes 45 minutes, so having to prolong my destination even further with another passenger would not be ideal in my case, and I wouldn't do it.",,"respondent_group=Rider; purpose=Shop/errands; alternative=No, I would not have made this trip otherwise.; choice_factors=Don’t need to park,More comfortable     ,Cost (cheaper than alternatives); barriers=; encouragement=; late_night_change=Yes; views_changed=Yes",Derived public-safe record; raw open-ended responses omitted.,2001,21,18–24,Female,Black or African American,BS/BA,1,94134,No,2,"Public Transit (Bus, Train, etc.)"
RR-0015,Research Rider Dataset,Anonymized rider/non-rider survey,Cruise,Rider,Rider Experience,Positive,0.6,Dropoff area,37.769185,-122.44477,-122.44477,37.769185,Final dropoff coordinate from anonymized Dropoff Location field,10.0,12:30 - 1:29 am,Other (please specify),"Yes, Walk","Fastest way to get there,Free ride,Fun",,,Yes,Yes,$8-9,Somewhat important,Very important,Very important,Not at all important,3.0,4.0,4.0,,,,"respondent_group=Rider; purpose=Other (please specify); alternative=Yes, Walk; choice_factors=Fastest way to get there,Free ride,Fun; barriers=; encouragement=; late_night_change=Yes; views_changed=Yes",Derived public-safe record; raw open-ended responses omitted.,2002,20,18–24,Male,Prefer not to say,BS/BA,Less than 1,94118,Yes,1,Walk
RR-0016,Research Rider Dataset,Anonymized rider/non-rider survey,Cruise,Rider,Safety/Trust,Positive,0.6,Dropoff area,37.776564,-122.450719,-122.450719,37.776564,Final dropoff coordinate from anonymized Dropoff Location field,21.0,10:30 - 11:29 pm,Shop/errands,"No, I would not have made this trip otherwise.","Safer alternative,Free ride,Novel technology",,,Yes,Yes,$10 or more,Very important,Very important,Very important,Not at all important,4.0,4.0,4.0,,"I am open to sharing the ride, but on certain scenarios I feel that a solo ride is often better. Maybe incorporating an option to provide a solo or shared ride could be something interesting to test.",,"respondent_group=Rider; purpose=Shop/errands; alternative=No, I would not have made this trip otherwise.; choice_factors=Safer alternative,Free ride,Novel technology; barriers=; encouragement=; late_night_change=Yes; views_changed=Yes",Derived public-safe record; raw open-ended responses omitted.,2003,19,18–24,Male,Prefer not to say,BS/BA,Less than 1,94117,Yes,1,"Public Transit (Bus, Train, etc.)"
RR-0017,Research Rider Dataset,Anonymized rider/non-rider survey,Cruise,Rider,Reliability/Late-Night Mobility,Positive,0.35,Dropoff area,37.776181,-122.45714,-122.45714,37.776181,Final dropoff coordinate from anonymized Dropoff Location field,9.0,10:30 - 11:29 pm,School,"Yes, Walk","Reliable service,Cost (cheaper than alternatives) ,Free ride",,,Yes,No,$7-8,Somewhat important,,,,3.0,,,,,,"respondent_group=Rider; purpose=School; alternative=Yes, Walk; choice_factors=Reliable service,Cost (cheaper than alternatives) ,Free ride; barriers=; encouragement=; late_night_change=Yes; views_changed=No",Derived public-safe record; raw open-ended responses omitted.,2002,20,18–24,Male,White,BS/BA,2,94118,Yes,3,Walk
RR-0018,Research Rider Dataset,Anonymized rider/non-rider survey,Cruise,Rider,Rider Experience,Positive,0.4,Dropoff area,37.762011,-122.436267,-122.436267,37.762011,Final dropoff coordinate from anonymized Dropoff Location field,16.0,11:30 - 12:29 am,Social/recreation,"Yes, Rideshare (e.g. Uber, Lyft, etc.)","Free ride,Novel technology,Fun",,,Yes,Yes,$4-5,Very important,Very important,Very important,Very important,4.0,4.0,4.0,4.0,I would share it with someone else,,"respondent_group=Rider; purpose=Social/recreation; alternative=Yes, Rideshare (e.g. Uber, Lyft, etc.); choice_factors=Free ride,Novel technology,Fun; barriers=; encouragement=; late_night_change=Yes; views_changed=Yes",Derived public-safe record; raw open-ended responses omitted.,1998,24,18–24,Male,White,Masters,Less than 1,94118,No,2,"Public Transit (Bus, Train, etc.)"
RR-0019,Research Rider Dataset,Anonymized rider/non-rider survey,Cruise,Rider,Rider Experience,Neutral,0.0,Dropoff area,37.778247,-122.434852,-122.434852,37.778247,Final dropoff coordinate from anonymized Dropoff Location field,11.0,10:30 - 11:29 pm,Social/recreation,"Yes, Rideshare (e.g. Uber, Lyft, etc.)","Short wait time,Easy to call car,Free ride",,,No,No,$10 or more,Very important,Very important,Very important,Very important,4.0,4.0,4.0,4.0,"It would be convenient and helpful to share the ride with another passenger, especially since the price would be cheaper compared to Uber/Lyft rideshare.",,"respondent_group=Rider; purpose=Social/recreation; alternative=Yes, Rideshare (e.g. Uber, Lyft, etc.); choice_factors=Short wait time,Easy to call car,Free ride; barriers=; encouragement=; late_night_change=No; views_changed=No",Derived public-safe record; raw open-ended responses omitted.,2000,22,18–24,Female,Asian,BS/BA,4,94117,No,3,"Public Transit (Bus, Train, etc.)"
RR-0020,Research Rider Dataset,Anonymized rider/non-rider survey,Cruise,Rider,Rider Experience,Positive,0.25,Dropoff area,37.776962,-122.446026,-122.446026,37.776962,Final dropoff coordinate from anonymized Dropoff Location field,10.0,10:30 - 11:29 pm,Social/recreation,"Yes, Public Transit (Bus, Train, etc.)","Don’t need to park,Free ride,Novel technology",,,No,Yes,$3-4,Very important,Very important,Very important,Very important,4.0,4.0,4.0,4.0,I would be comfortable.,,"respondent_group=Rider; purpose=Social/recreation; alternative=Yes, Public Transit (Bus, Train, etc.); choice_factors=Don’t need to park,Free ride,Novel technology; barriers=; encouragement=; late_night_change=No; views_changed=Yes",Derived public-safe record; raw open-ended responses omitted.,1999,23,18–24,Male,Other,BS/BA,4,94118,No,4,"Rideshare (e.g. Uber, Lyft, etc.)"
RR-0021,Research Rider Dataset,Anonymized rider/non-rider survey,Cruise,Rider,Rider Experience,Positive,0.4,Dropoff area,37.787315,-122.409741,-122.409741,37.787315,Final dropoff coordinate from anonymized Dropoff Location field,16.0,10:30 - 11:29 pm,Social/recreation,"Yes, Rideshare (e.g. Uber, Lyft, etc.)","Easy to call car,Free ride,Fun",,,Yes,Yes,$6-7,Somewhat important,"Somewhat important,Very important",Very important,Very important,3.0,,4.0,4.0,,,"respondent_group=Rider; purpose=Social/recreation; alternative=Yes, Rideshare (e.g. Uber, Lyft, etc.); choice_factors=Easy to call car,Free ride,Fun; barriers=; encouragement=; late_night_change=Yes; views_changed=Yes",Derived public-safe record; raw open-ended responses omitted.,2002,20,18–24,Female,White,BS/BA,2,94118,Yes,1,"Rideshare (e.g. Uber, Lyft, etc.)"
RR-0027,Research Rider Dataset,Anonymized rider/non-rider survey,Cruise,Rider,Safety/Trust,Positive,0.35,Dropoff area,37.779368,-122.463973,-122.463973,37.779368,Final dropoff coordinate from anonymized Dropoff Location field,,3:30 - 4:29 am,Shop/errands,"No, I would not have made this trip otherwise.","Safer alternative,More comfortable     ,Free ride",,,Yes,No,$3-4,Not at all important,Somewhat important,Very important,Very important,,3.0,4.0,4.0,,,"respondent_group=Rider; purpose=Shop/errands; alternative=No, I would not have made this trip otherwise.; choice_factors=Safer alternative,More comfortable     ,Free ride; barriers=; encouragement=; late_night_change=Yes; views_changed=No",Derived public-safe record; raw open-ended responses omitted.,2001,21,18–24,Female,Black or African American,BS/BA,3,94117,No,0,"Rideshare (e.g. Uber, Lyft, etc.)"
RR-0028,Research Rider Dataset,Anonymized rider/non-rider survey,Cruise,Rider,Comfort,Positive,0.35,Dropoff area,37.770738,-122.442239,-122.442239,37.770738,Final dropoff coordinate from anonymized Dropoff Location field,23.0,10:30 - 11:29 pm,Social/recreation,"Yes, Rideshare (e.g. Uber, Lyft, etc.)","More comfortable     ,Cost (cheaper than alternatives) ,Free ride",,,Yes,No,$8-9,Somewhat important,Somewhat important,Very important,Very important,3.0,3.0,4.0,4.0,I don’t know maybe not,,"respondent_group=Rider; purpose=Social/recreation; alternative=Yes, Rideshare (e.g. Uber, Lyft, etc.); choice_factors=More comfortable     ,Cost (cheaper than alternatives) ,Free ride; barriers=; encouragement=; late_night_change=Yes; views_changed=No",Derived public-safe record; raw open-ended responses omitted.,2001,21,18–24,Female,Black or African American,BS/BA,3,94117,No,0,"Rideshare (e.g. Uber, Lyft, etc.)"
RR-0029,Research Rider Dataset,Anonymized rider/non-rider survey,Cruise,Rider,Comfort,Positive,0.35,Dropoff area,37.774427,-122.457199,-122.457199,37.774427,Final dropoff coordinate from anonymized Dropoff Location field,10.0,12:30 - 1:29 am,Social/recreation,"Yes, Rideshare (e.g. Uber, Lyft, etc.)","Didn't want to drive after drinking ,More comfortable     ,Cost (cheaper than alternatives)",,,Yes,No,$8-9,Very important,Very important,Very important,Somewhat important,4.0,4.0,4.0,3.0,I would prefer to keep it with people that I know,,"respondent_group=Rider; purpose=Social/recreation; alternative=Yes, Rideshare (e.g. Uber, Lyft, etc.); choice_factors=Didn't want to drive after drinking ,More comfortable     ,Cost (cheaper than alternatives); barriers=; encouragement=; late_night_change=Yes; views_changed=No",Derived public-safe record; raw open-ended responses omitted.,2001,21,18–24,Female,Asian,BS/BA,3,94118,No,4,Drive Alone
RR-0030,Research Rider Dataset,Anonymized rider/non-rider survey,Cruise,Non-rider,Reliability/Late-Night Mobility,Neutral,-0.1,Survey response area,37.78,-122.465,-122.465,37.78,SurveyLatitude and Survey Longitude fields,,,,,,Nervous about going out late in the city,Expanded times,,,,,,,,,,,,,Experience brand new technology,respondent_group=Non-rider; purpose=; alternative=; choice_factors=; barriers=Nervous about going out late in the city; encouragement=Expanded times; late_night_change=; views_changed=,Derived public-safe record; raw open-ended responses omitted.,2000,22,18–24,Female,White,BS/BA,3,94118,Yes,1,Walk
RR-0031,Research Rider Dataset,Anonymized rider/non-rider survey,Cruise,Non-rider,Transit Connection,Neutral,-0.1,Survey response area,37.78,-122.465,-122.465,37.78,SurveyLatitude and Survey Longitude fields,,,,,,Busy with school / work or schedule didn't allow,Weekly reminders via email or phone,,,,,,,,,,,,,Experience brand new technology,respondent_group=Non-rider; purpose=; alternative=; choice_factors=; barriers=Busy with school / work or schedule didn't allow; encouragement=Weekly reminders via email or phone; late_night_change=; views_changed=,Derived public-safe record; raw open-ended responses omitted.,2001,21,18–24,Non-binary / third gender,Other,BS/BA,2,94117,Yes,1,"Public Transit (Bus, Train, etc.)"
RR-0032,Research Rider Dataset,Anonymized rider/non-rider survey,Cruise,Non-rider,Barrier to Riding,Neutral,-0.1,Survey response area,34.0544,-118.2441,-118.2441,34.0544,SurveyLatitude and Survey Longitude fields,,,,,,Cars wouldn't go to all the places I wanted to go,Expanded times,,,,,,,,,,,,,Experience brand new technology,respondent_group=Non-rider; purpose=; alternative=; choice_factors=; barriers=Cars wouldn't go to all the places I wanted to go; encouragement=Expanded times; late_night_change=; views_changed=,Derived public-safe record; raw open-ended responses omitted.,2000,22,18–24,Male,White,BS/BA,3,94115,No,6 or more,Bicycle
RR-0033,Research Rider Dataset,Anonymized rider/non-rider survey,Cruise,Non-rider,Transit Connection,Neutral,-0.1,Survey response area,40.7876,-74.06,-74.06,40.7876,SurveyLatitude and Survey Longitude fields,,,,,,Busy with school / work or schedule didn't allow,Expanded times,,,,,,,,,,,,,Experience brand new technology,respondent_group=Non-rider; purpose=; alternative=; choice_factors=; barriers=Busy with school / work or schedule didn't allow; encouragement=Expanded times; late_night_change=; views_changed=,Derived public-safe record; raw open-ended responses omitted.,2000,22,18–24,Male,White,BS/BA,3,94115,No,6 or more,Bicycle
RR-0034,Research Rider Dataset,Anonymized rider/non-rider survey,Cruise,Non-rider,Barrier to Riding,Neutral,-0.1,Survey response area,37.7825,-122.435,-122.435,37.7825,SurveyLatitude and Survey Longitude fields,,,,,,Other:,Access to more locations in the city,,,,,,,,,,,,,"No particular reason, just exploring",respondent_group=Non-rider; purpose=; alternative=; choice_factors=; barriers=Other:; encouragement=Access to more locations in the city; late_night_change=; views_changed=,Derived public-safe record; raw open-ended responses omitted.,2001,21,18–24,Male,Asian,BS/BA,3,94118,No,3,"Public Transit (Bus, Train, etc.)"
RR-0035,Research Rider Dataset,Anonymized rider/non-rider survey,Cruise,Non-rider,Transit Connection,Neutral,-0.1,Survey response area,37.7958,-122.4203,-122.4203,37.7958,SurveyLatitude and Survey Longitude fields,,,,,,Busy with school / work or schedule didn't allow,Weekly reminders via email or phone,,,,,,,,,,,,,Free rides,respondent_group=Non-rider; purpose=; alternative=; choice_factors=; barriers=Busy with school / work or schedule didn't allow; encouragement=Weekly reminders via email or phone; late_night_change=; views_changed=,Derived public-safe record; raw open-ended responses omitted.,,2022,,,,,,94115,No,3,"Rideshare (e.g. Uber, Lyft, etc.)"
RR-0036,Research Rider Dataset,Anonymized rider/non-rider survey,Cruise,Non-rider,Barrier to Riding,Neutral,-0.1,Survey response area,53.5582,9.9532,9.9532,53.5582,SurveyLatitude and Survey Longitude fields,,,,,,Cars wouldn't go to all the places I wanted to go,Expanded times,,,,,,,,,,,,,Experience brand new technology,respondent_group=Non-rider; purpose=; alternative=; choice_factors=; barriers=Cars wouldn't go to all the places I wanted to go; encouragement=Expanded times; late_night_change=; views_changed=,Derived public-safe record; raw open-ended responses omitted.,2000,22,18–24,Male,White,BS/BA,3,94115,No,6 or more,Bicycle
RR-0037,Research Rider Dataset,Anonymized rider/non-rider survey,Cruise,Non-rider,Barrier to Riding,Neutral,-0.1,Survey response area,37.78,-122.465,-122.465,37.78,SurveyLatitude and Survey Longitude fields,,,,,,Uncertain about availability of cars / getting stuck without a ride,Expanded times,,,,,,,,,,,,,Expanded options for commuting,respondent_group=Non-rider; purpose=; alternative=; choice_factors=; barriers=Uncertain about availability of cars / getting stuck without a ride; encouragement=Expanded times; late_night_change=; views_changed=,Derived public-safe record; raw open-ended responses omitted.,2001,21,18–24,Female,White,BS/BA,3,94118,Yes,3,"Rideshare (e.g. Uber, Lyft, etc.)"
RR-0038,Research Rider Dataset,Anonymized rider/non-rider survey,Cruise,Non-rider,Reliability/Late-Night Mobility,Neutral,-0.1,Survey response area,37.78,-122.465,-122.465,37.78,SurveyLatitude and Survey Longitude fields,,,,,,Nervous about going out late in the city,Expanded times,,,,,,,,,,,,,Expanded options for commuting,respondent_group=Non-rider; purpose=; alternative=; choice_factors=; barriers=Nervous about going out late in the city; encouragement=Expanded times; late_night_change=; views_changed=,Derived public-safe record; raw open-ended responses omitted.,2001,21,18–24,Female,White,BS/BA,3,94118,Yes,3,"Rideshare (e.g. Uber, Lyft, etc.)"
RR-0039,Research Rider Dataset,Anonymized rider/non-rider survey,Cruise,Non-rider,Barrier to Riding,Neutral,-0.1,Survey response area,37.78,-122.465,-122.465,37.78,SurveyLatitude and Survey Longitude fields,,,,,,Cars wouldn't go to all the places I wanted to go,Access to more locations in the city,,,,,,,,,,,,,Free rides,respondent_group=Non-rider; purpose=; alternative=; choice_factors=; barriers=Cars wouldn't go to all the places I wanted to go; encouragement=Access to more locations in the city; late_night_change=; views_changed=,Derived public-safe record; raw open-ended responses omitted.,1995,27,25–34,Female,White,PhD/JD/Other,3,94122,Yes,0,Walk
RR-0040,Research Rider Dataset,Anonymized rider/non-rider survey,Cruise,Non-rider,Transit Connection,Neutral,-0.1,Survey response area,37.7794,-122.2178,-122.2178,37.7794,SurveyLatitude and Survey Longitude fields,,,,,,Busy with school / work or schedule didn't allow,Expanded times,,,,,,,,,,,,,Free rides,respondent_group=Non-rider; purpose=; alternative=; choice_factors=; barriers=Busy with school / work or schedule didn't allow; encouragement=Expanded times; late_night_change=; views_changed=,Derived public-safe record; raw open-ended responses omitted.,1995,27,25–34,Female,White,PhD/JD/Other,3,94122,Yes,0,Walk
RR-0041,Research Rider Dataset,Anonymized rider/non-rider survey,Cruise,Non-rider,Barrier to Riding,Neutral,-0.1,Survey response area,37.78,-122.465,-122.465,37.78,SurveyLatitude and Survey Longitude fields,,,,,,Uncertain about availability of cars / getting stuck without a ride,Demo or instruction,,,,,,,,,,,,,Experience brand new technology,respondent_group=Non-rider; purpose=; alternative=; choice_factors=; barriers=Uncertain about availability of cars / getting stuck without a ride; encouragement=Demo or instruction; late_night_change=; views_changed=,Derived public-safe record; raw open-ended responses omitted.,2001,21,18–24,Female,White,BS/BA,2,94118,Yes,3,"Public Transit (Bus, Train, etc.)"
RR-0042,Research Rider Dataset,Anonymized rider/non-rider survey,Cruise,Non-rider,Barrier to Riding,Neutral,-0.1,Survey response area,41.7697,-87.6985,-87.6985,41.7697,SurveyLatitude and Survey Longitude fields,,,,,,Other:,Other:,,,,,,,,,,,,,Experience brand new technology,respondent_group=Non-rider; purpose=; alternative=; choice_factors=; barriers=Other:; encouragement=Other:; late_night_change=; views_changed=,Derived public-safe record; raw open-ended responses omitted.,,2022,,,,,,,,,
RR-0043,Research Rider Dataset,Anonymized rider/non-rider survey,Cruise,Non-rider,Barrier to Riding,Neutral,-0.1,Survey response area,37.7506,-122.4121,-122.4121,37.7506,SurveyLatitude and Survey Longitude fields,,,,,,Cars wouldn't go to all the places I wanted to go,Expanded times,,,,,,,,,,,,,Experience brand new technology,respondent_group=Non-rider; purpose=; alternative=; choice_factors=; barriers=Cars wouldn't go to all the places I wanted to go; encouragement=Expanded times; late_night_change=; views_changed=,Derived public-safe record; raw open-ended responses omitted.,2000,22,18–24,Male,White,BS/BA,3,94118,No,2,"Public Transit (Bus, Train, etc.)"
RR-0044,Research Rider Dataset,Anonymized rider/non-rider survey,Cruise,Non-rider,Barrier to Riding,Neutral,-0.1,Survey response area,37.7441,-122.48,-122.48,37.7441,SurveyLatitude and Survey Longitude fields,,,,,,Cars wouldn't go to all the places I wanted to go,Expanded times,,,,,,,,,,,,,Expanded options leisure trips at night,respondent_group=Non-rider; purpose=; alternative=; choice_factors=; barriers=Cars wouldn't go to all the places I wanted to go; encouragement=Expanded times; late_night_change=; views_changed=,Derived public-safe record; raw open-ended responses omitted.,2000,22,18–24,Male,White,BS/BA,3,94118,No,2,"Public Transit (Bus, Train, etc.)"
RR-0045,Research Rider Dataset,Anonymized rider/non-rider survey,Cruise,Non-rider,Transit Connection,Neutral,-0.1,Survey response area,37.78,-122.465,-122.465,37.78,SurveyLatitude and Survey Longitude fields,,,,,,Busy with school / work or schedule didn't allow,Expanded times,,,,,,,,,,,,,Experience brand new technology,respondent_group=Non-rider; purpose=; alternative=; choice_factors=; barriers=Busy with school / work or schedule didn't allow; encouragement=Expanded times; late_night_change=; views_changed=,Derived public-safe record; raw open-ended responses omitted.,1999,23,18–24,Male,Asian,BS/BA,1,Other,No,1,Drive Alone
RR-0046,Research Rider Dataset,Anonymized rider/non-rider survey,Cruise,Non-rider,Barrier to Riding,Neutral,-0.1,Survey response area,37.78,-122.465,-122.465,37.78,SurveyLatitude and Survey Longitude fields,,,,,,Other:,Expanded times,,,,,,,,,,,,,Experience brand new technology,respondent_group=Non-rider; purpose=; alternative=; choice_factors=; barriers=Other:; encouragement=Expanded times; late_night_change=; views_changed=,Derived public-safe record; raw open-ended responses omitted.,1999,23,18–24,Male,Asian,BS/BA,1,Other,No,1,Drive Alone
RR-0047,Research Rider Dataset,Anonymized rider/non-rider survey,Cruise,Non-rider,Barrier to Riding,Neutral,-0.1,Survey response area,37.78,-122.465,-122.465,37.78,SurveyLatitude and Survey Longitude fields,,,,,,Uncertain about availability of cars / getting stuck without a ride,Expanded times,,,,,,,,,,,,,Experience brand new technology,respondent_group=Non-rider; purpose=; alternative=; choice_factors=; barriers=Uncertain about availability of cars / getting stuck without a ride; encouragement=Expanded times; late_night_change=; views_changed=,Derived public-safe record; raw open-ended responses omitted.,2002,20,18–24,Female,Other,BS/BA,Less than 1,94118,Yes,2,"Public Transit (Bus, Train, etc.)"
RR-0048,Research Rider Dataset,Anonymized rider/non-rider survey,Cruise,Non-rider,Barrier to Riding,Neutral,-0.1,Survey response area,38.7277,-123.4633,-123.4633,38.7277,SurveyLatitude and Survey Longitude fields,,,,,,Cars wouldn't go to all the places I wanted to go,Expanded times,,,,,,,,,,,,,Experience brand new technology,respondent_group=Non-rider; purpose=; alternative=; choice_factors=; barriers=Cars wouldn't go to all the places I wanted to go; encouragement=Expanded times; late_night_change=; views_changed=,Derived public-safe record; raw open-ended responses omitted.,,2022,,,,,,94158,,,
RR-0049,Research Rider Dataset,Anonymized rider/non-rider survey,Cruise,Non-rider,Barrier to Riding,Neutral,-0.1,Survey response area,37.3388,-121.8916,-121.8916,37.3388,SurveyLatitude and Survey Longitude fields,,,,,,Other:,Expanded times,,,,,,,,,,,,,Free rides,respondent_group=Non-rider; purpose=; alternative=; choice_factors=; barriers=Other:; encouragement=Expanded times; late_night_change=; views_changed=,Derived public-safe record; raw open-ended responses omitted.,2000,22,18–24,Male,Other,BS/BA,2,94118,Yes,1,"Rideshare (e.g. Uber, Lyft, etc.)"
RR-0050,Research Rider Dataset,Anonymized rider/non-rider survey,Cruise,Non-rider,Barrier to Riding,Neutral,-0.1,Survey response area,37.7595,-122.4367,-122.4367,37.7595,SurveyLatitude and Survey Longitude fields,,,,,,Other:,Expanded times,,,,,,,,,,,,,Experience brand new technology,respondent_group=Non-rider; purpose=; alternative=; choice_factors=; barriers=Other:; encouragement=Expanded times; late_night_change=; views_changed=,Derived public-safe record; raw open-ended responses omitted.,,2022,,,,,,94117,No,0,Micromobility (scooters / bikeshare)
RR-0051,Research Rider Dataset,Anonymized rider/non-rider survey,Cruise,Non-rider,Barrier to Riding,Neutral,-0.1,Survey response area,37.7506,-122.4121,-122.4121,37.7506,SurveyLatitude and Survey Longitude fields,,,,,,Cars wouldn't go to all the places I wanted to go,Expanded times,,,,,,,,,,,,,Experience brand new technology,respondent_group=Non-rider; purpose=; alternative=; choice_factors=; barriers=Cars wouldn't go to all the places I wanted to go; encouragement=Expanded times; late_night_change=; views_changed=,Derived public-safe record; raw open-ended responses omitted.,,2022,,,,,,94117,No,0,Micromobility (scooters / bikeshare)
RR-0052,Research Rider Dataset,Anonymized rider/non-rider survey,Cruise,Non-rider,Transit Connection,Neutral,-0.1,Survey response area,37.78,-122.465,-122.465,37.78,SurveyLatitude and Survey Longitude fields,,,,,,Busy with school / work or schedule didn't allow,Weekly reminders via email or phone,,,,,,,,,,,,,Experience brand new technology,respondent_group=Non-rider; purpose=; alternative=; choice_factors=; barriers=Busy with school / work or schedule didn't allow; encouragement=Weekly reminders via email or phone; late_night_change=; views_changed=,Derived public-safe record; raw open-ended responses omitted.,2002,20,18–24,Female,Black or African American,BS/BA,2,94118,Yes,3,Walk
RR-0053,Research Rider Dataset,Anonymized rider/non-rider survey,Cruise,Non-rider,Barrier to Riding,Neutral,-0.1,Survey response area,37.78,-122.465,-122.465,37.78,SurveyLatitude and Survey Longitude fields,,,,,,Cars wouldn't go to all the places I wanted to go,Access to more locations in the city,,,,,,,,,,,,,Expanded options leisure trips at night,respondent_group=Non-rider; purpose=; alternative=; choice_factors=; barriers=Cars wouldn't go to all the places I wanted to go; encouragement=Access to more locations in the city; late_night_change=; views_changed=,Derived public-safe record; raw open-ended responses omitted.,2001,21,18–24,Female,White,BS/BA,2,94118,Yes,3,Walk
RR-0054,Research Rider Dataset,Anonymized rider/non-rider survey,Cruise,Non-rider,Barrier to Riding,Neutral,-0.1,Survey response area,36.102,-115.1447,-115.1447,36.102,SurveyLatitude and Survey Longitude fields,,,,,,Other:,Other:,,,,,,,,,,,,,Free rides,respondent_group=Non-rider; purpose=; alternative=; choice_factors=; barriers=Other:; encouragement=Other:; late_night_change=; views_changed=,Derived public-safe record; raw open-ended responses omitted.,2001,21,18–24,Female,White,BS/BA,2,94118,Yes,3,Walk
RR-0055,Research Rider Dataset,Anonymized rider/non-rider survey,Cruise,Non-rider,Transit Connection,Neutral,-0.1,Survey response area,37.78,-122.465,-122.465,37.78,SurveyLatitude and Survey Longitude fields,,,,,,Busy with school / work or schedule didn't allow,Expanded times,,,,,,,,,,,,,"No particular reason, just exploring",respondent_group=Non-rider; purpose=; alternative=; choice_factors=; barriers=Busy with school / work or schedule didn't allow; encouragement=Expanded times; late_night_change=; views_changed=,Derived public-safe record; raw open-ended responses omitted.,,2022,,,,,,94121,No,0,Drive Alone
RR-0056,Research Rider Dataset,Anonymized rider/non-rider survey,Cruise,Non-rider,Transit Connection,Neutral,-0.1,Survey response area,37.7825,-122.435,-122.435,37.7825,SurveyLatitude and Survey Longitude fields,,,,,,Busy with school / work or schedule didn't allow,Expanded times,,,,,,,,,,,,,Free rides,respondent_group=Non-rider; purpose=; alternative=; choice_factors=; barriers=Busy with school / work or schedule didn't allow; encouragement=Expanded times; late_night_change=; views_changed=,Derived public-safe record; raw open-ended responses omitted.,,2022,,,,,,,,,
RR-0057,Research Rider Dataset,Anonymized rider/non-rider survey,Cruise,Non-rider,Transit Connection,Neutral,-0.1,Survey response area,37.78,-122.465,-122.465,37.78,SurveyLatitude and Survey Longitude fields,,,,,,Busy with school / work or schedule didn't allow,Expanded times,,,,,,,,,,,,,Experience brand new technology,respondent_group=Non-rider; purpose=; alternative=; choice_factors=; barriers=Busy with school / work or schedule didn't allow; encouragement=Expanded times; late_night_change=; views_changed=,Derived public-safe record; raw open-ended responses omitted.,2003,19,18–24,Female,Black or African American,BS/BA,Less than 1,94118,Yes,1,"Public Transit (Bus, Train, etc.)"
RR-0058,Research Rider Dataset,Anonymized rider/non-rider survey,Cruise,Non-rider,Barrier to Riding,Neutral,-0.1,Survey response area,42.3212,-83.266,-83.266,42.3212,SurveyLatitude and Survey Longitude fields,,,,,,Other:,Expanded times,,,,,,,,,,,,,Experience brand new technology,respondent_group=Non-rider; purpose=; alternative=; choice_factors=; barriers=Other:; encouragement=Expanded times; late_night_change=; views_changed=,Derived public-safe record; raw open-ended responses omitted.,2003,19,18–24,Female,Black or African American,BS/BA,Less than 1,94118,Yes,1,"Public Transit (Bus, Train, etc.)"
RR-0059,Research Rider Dataset,Anonymized rider/non-rider survey,Cruise,Non-rider,Barrier to Riding,Neutral,-0.1,Survey response area,37.78,-122.465,-122.465,37.78,SurveyLatitude and Survey Longitude fields,,,,,,Other:,Weekly reminders via email or phone,,,,,,,,,,,,,Free rides,respondent_group=Non-rider; purpose=; alternative=; choice_factors=; barriers=Other:; encouragement=Weekly reminders via email or phone; late_night_change=; views_changed=,Derived public-safe record; raw open-ended responses omitted.,2002,20,18–24,Female,Asian,BS/BA,Less than 1,94118,Yes,1,Walk
RR-0060,Research Rider Dataset,Anonymized rider/non-rider survey,Cruise,Non-rider,Reliability/Late-Night Mobility,Neutral,-0.1,Survey response area,37.78,-122.465,-122.465,37.78,SurveyLatitude and Survey Longitude fields,,,,,,Nervous about going out late in the city,Demo or instruction,,,,,,,,,,,,,Experience brand new technology,respondent_group=Non-rider; purpose=; alternative=; choice_factors=; barriers=Nervous about going out late in the city; encouragement=Demo or instruction; late_night_change=; views_changed=,Derived public-safe record; raw open-ended responses omitted.,2002,20,18–24,Female,Asian,BS/BA,Less than 1,94118,Yes,1,Walk
RR-0061,Research Rider Dataset,Anonymized rider/non-rider survey,Cruise,Non-rider,Barrier to Riding,Neutral,-0.1,Survey response area,37.7825,-122.435,-122.435,37.7825,SurveyLatitude and Survey Longitude fields,,,,,,Cars wouldn't go to all the places I wanted to go,Access to more locations in the city,,,,,,,,,,,,,Expanded options for commuting,respondent_group=Non-rider; purpose=; alternative=; choice_factors=; barriers=Cars wouldn't go to all the places I wanted to go; encouragement=Access to more locations in the city; late_night_change=; views_changed=,Derived public-safe record; raw open-ended responses omitted.,,2022,,,,,,,,,
RR-0062,Research Rider Dataset,Anonymized rider/non-rider survey,Cruise,Non-rider,Barrier to Riding,Neutral,-0.1,Survey response area,37.7825,-122.435,-122.435,37.7825,SurveyLatitude and Survey Longitude fields,,,,,,Cars wouldn't go to all the places I wanted to go,Access to more locations in the city,,,,,,,,,,,,,Expanded options for commuting,respondent_group=Non-rider; purpose=; alternative=; choice_factors=; barriers=Cars wouldn't go to all the places I wanted to go; encouragement=Access to more locations in the city; late_night_change=; views_changed=,Derived public-safe record; raw open-ended responses omitted.,,2022,,,,,,,,,
RR-0063,Research Rider Dataset,Anonymized rider/non-rider survey,Cruise,Non-rider,Transit Connection,Neutral,-0.1,Survey response area,37.7958,-122.4203,-122.4203,37.7958,SurveyLatitude and Survey Longitude fields,,,,,,Busy with school / work or schedule didn't allow,Expanded times,,,,,,,,,,,,,Experience brand new technology,respondent_group=Non-rider; purpose=; alternative=; choice_factors=; barriers=Busy with school / work or schedule didn't allow; encouragement=Expanded times; late_night_change=; views_changed=,Derived public-safe record; raw open-ended responses omitted.,1960,62,55–64,Male,White,Masters,Less than 1,94118,No,2,Drive Alone
RR-0064,Research Rider Dataset,Anonymized rider/non-rider survey,Cruise,Non-rider,Transit Connection,Neutral,-0.1,Survey response area,37.7958,-122.4203,-122.4203,37.7958,SurveyLatitude and Survey Longitude fields,,,,,,Busy with school / work or schedule didn't allow,Expanded times,,,,,,,,,,,,,Experience brand new technology,respondent_group=Non-rider; purpose=; alternative=; choice_factors=; barriers=Busy with school / work or schedule didn't allow; encouragement=Expanded times; late_night_change=; views_changed=,Derived public-safe record; raw open-ended responses omitted.,1960,62,55–64,Male,White,Masters,Less than 1,94118,No,2,Drive Alone
RR-0065,Research Rider Dataset,Anonymized rider/non-rider survey,Cruise,Non-rider,Transit Connection,Neutral,-0.1,Survey response area,37.7825,-122.435,-122.435,37.7825,SurveyLatitude and Survey Longitude fields,,,,,,Busy with school / work or schedule didn't allow,Expanded times,,,,,,,,,,,,,Experience brand new technology,respondent_group=Non-rider; purpose=; alternative=; choice_factors=; barriers=Busy with school / work or schedule didn't allow; encouragement=Expanded times; late_night_change=; views_changed=,Derived public-safe record; raw open-ended responses omitted.,1960,62,55–64,Male,White,Masters,Less than 1,94118,No,2,Drive Alone
RR-0066,Research Rider Dataset,Anonymized rider/non-rider survey,Cruise,Non-rider,Transit Connection,Neutral,-0.1,Survey response area,37.7825,-122.435,-122.435,37.7825,SurveyLatitude and Survey Longitude fields,,,,,,Busy with school / work or schedule didn't allow,Expanded times,,,,,,,,,,,,,Experience brand new technology,respondent_group=Non-rider; purpose=; alternative=; choice_factors=; barriers=Busy with school / work or schedule didn't allow; encouragement=Expanded times; late_night_change=; views_changed=,Derived public-safe record; raw open-ended responses omitted.,1960,62,55–64,Male,White,Masters,Less than 1,94118,No,2,Drive Alone
RR-0067,Research Rider Dataset,Anonymized rider/non-rider survey,Cruise,Non-rider,Barrier to Riding,Neutral,-0.1,Survey response area,37.7825,-122.435,-122.435,37.7825,SurveyLatitude and Survey Longitude fields,,,,,,Other:,Expanded times,,,,,,,,,,,,,Experience brand new technology,respondent_group=Non-rider; purpose=; alternative=; choice_factors=; barriers=Other:; encouragement=Expanded times; late_night_change=; views_changed=,Derived public-safe record; raw open-ended responses omitted.,1960,62,55–64,Male,White,Masters,Less than 1,94118,No,2,Drive Alone
RR-0068,Research Rider Dataset,Anonymized rider/non-rider survey,Cruise,Non-rider,Barrier to Riding,Neutral,-0.1,Survey response area,37.7825,-122.435,-122.435,37.7825,SurveyLatitude and Survey Longitude fields,,,,,,Other:,Expanded times,,,,,,,,,,,,,Experience brand new technology,respondent_group=Non-rider; purpose=; alternative=; choice_factors=; barriers=Other:; encouragement=Expanded times; late_night_change=; views_changed=,Derived public-safe record; raw open-ended responses omitted.,1960,62,55–64,Male,White,Masters,Less than 1,94118,No,2,Drive Alone
RR-0069,Research Rider Dataset,Anonymized rider/non-rider survey,Cruise,Non-rider,Barrier to Riding,Neutral,-0.1,Survey response area,38.342,-0.4825,-0.4825,38.342,SurveyLatitude and Survey Longitude fields,,,,,,Other:,Weekly reminders via email or phone,,,,,,,,,,,,,Experience brand new technology,respondent_group=Non-rider; purpose=; alternative=; choice_factors=; barriers=Other:; encouragement=Weekly reminders via email or phone; late_night_change=; views_changed=,Derived public-safe record; raw open-ended responses omitted.,2000,22,18–24,Male,White,BS/BA,4,94118,,2,"Rideshare (e.g. Uber, Lyft, etc.)"
RR-0070,Research Rider Dataset,Anonymized rider/non-rider survey,Cruise,Non-rider,Barrier to Riding,Neutral,-0.1,Survey response area,37.2379,-121.7946,-121.7946,37.2379,SurveyLatitude and Survey Longitude fields,,,,,,Other:,Other:,,,,,,,,,,,,,"Friends were doing it, followed suit",respondent_group=Non-rider; purpose=; alternative=; choice_factors=; barriers=Other:; encouragement=Other:; late_night_change=; views_changed=,Derived public-safe record; raw open-ended responses omitted.,2000,22,18–24,Male,White,BS/BA,4,94118,No,3,"Public Transit (Bus, Train, etc.)"
RR-0071,Research Rider Dataset,Anonymized rider/non-rider survey,Cruise,Non-rider,Barrier to Riding,Neutral,-0.1,Survey response area,37.78,-122.465,-122.465,37.78,SurveyLatitude and Survey Longitude fields,,,,,,Decided to take another means of transportation,Other:,,,,,,,,,,,,,"Friends were doing it, followed suit",respondent_group=Non-rider; purpose=; alternative=; choice_factors=; barriers=Decided to take another means of transportation; encouragement=Other:; late_night_change=; views_changed=,Derived public-safe record; raw open-ended responses omitted.,2000,22,18–24,Male,White,BS/BA,4,94118,No,3,"Public Transit (Bus, Train, etc.)"
RR-0072,Research Rider Dataset,Anonymized rider/non-rider survey,Cruise,Non-rider,Barrier to Riding,Neutral,-0.1,Survey response area,37.2379,-121.7946,-121.7946,37.2379,SurveyLatitude and Survey Longitude fields,,,,,,Other:,Expanded times,,,,,,,,,,,,,"Friends were doing it, followed suit",respondent_group=Non-rider; purpose=; alternative=; choice_factors=; barriers=Other:; encouragement=Expanded times; late_night_change=; views_changed=,Derived public-safe record; raw open-ended responses omitted.,2000,22,18–24,Male,White,BS/BA,4,94118,No,3,"Public Transit (Bus, Train, etc.)"
RR-0073,Research Rider Dataset,Anonymized rider/non-rider survey,Cruise,Non-rider,Barrier to Riding,Neutral,-0.1,Survey response area,37.589,-122.0461,-122.0461,37.589,SurveyLatitude and Survey Longitude fields,,,,,,Apprehensive with driverless technology / no driver in car,,,,,,,,,,,,,,"No particular reason, just exploring",respondent_group=Non-rider; purpose=; alternative=; choice_factors=; barriers=Apprehensive with driverless technology / no driver in car; encouragement=; late_night_change=; views_changed=,Derived public-safe record; raw open-ended responses omitted.,2003,19,18–24,Female,White,BS/BA,Less than 1,94118,Yes,1,"Public Transit (Bus, Train, etc.)"
RR-0074,Research Rider Dataset,Anonymized rider/non-rider survey,Cruise,Non-rider,Barrier to Riding,Neutral,-0.1,Survey response area,37.7562,-122.4866,-122.4866,37.7562,SurveyLatitude and Survey Longitude fields,,,,,,Other:,Weekly reminders via email or phone,,,,,,,,,,,,,Experience brand new technology,respondent_group=Non-rider; purpose=; alternative=; choice_factors=; barriers=Other:; encouragement=Weekly reminders via email or phone; late_night_change=; views_changed=,Derived public-safe record; raw open-ended responses omitted.,1987,35,35–44,Female,Asian,Masters,Less than 1,94122,No,1,"Public Transit (Bus, Train, etc.)"
RR-0075,Research Rider Dataset,Anonymized rider/non-rider survey,Cruise,Non-rider,Barrier to Riding,Neutral,-0.1,Survey response area,37.78,-122.465,-122.465,37.78,SurveyLatitude and Survey Longitude fields,,,,,,Cars wouldn't go to all the places I wanted to go,Expanded times,,,,,,,,,,,,,Expanded options for commuting,respondent_group=Non-rider; purpose=; alternative=; choice_factors=; barriers=Cars wouldn't go to all the places I wanted to go; encouragement=Expanded times; late_night_change=; views_changed=,Derived public-safe record; raw open-ended responses omitted.,2001,21,18–24,Female,Asian,BS/BA,Less than 1,94134,No,3,Drive or Ride with Others (Carpool / Vanpool)
RR-0076,Research Rider Dataset,Anonymized rider/non-rider survey,Cruise,Non-rider,Transit Connection,Neutral,-0.1,Survey response area,37.7506,-122.4121,-122.4121,37.7506,SurveyLatitude and Survey Longitude fields,,,,,,Busy with school / work or schedule didn't allow,Expanded times,,,,,,,,,,,,,Experience brand new technology,respondent_group=Non-rider; purpose=; alternative=; choice_factors=; barriers=Busy with school / work or schedule didn't allow; encouragement=Expanded times; late_night_change=; views_changed=,Derived public-safe record; raw open-ended responses omitted.,2001,21,18–24,Female,Asian,BS/BA,Less than 1,94134,No,3,Drive or Ride with Others (Carpool / Vanpool)
RR-0077,Research Rider Dataset,Anonymized rider/non-rider survey,Cruise,Non-rider,Barrier to Riding,Neutral,-0.1,Survey response area,37.78,-122.465,-122.465,37.78,SurveyLatitude and Survey Longitude fields,,,,,,Other:,Other:,,,,,,,,,,,,,Other:,respondent_group=Non-rider; purpose=; alternative=; choice_factors=; barriers=Other:; encouragement=Other:; late_night_change=; views_changed=,Derived public-safe record; raw open-ended responses omitted.,1993,29,25–34,Male,Asian,Masters,Less than 1,94107,No,2,Walk
RR-0078,Research Rider Dataset,Anonymized rider/non-rider survey,Cruise,Non-rider,Reliability/Late-Night Mobility,Neutral,-0.1,Survey response area,37.78,-122.465,-122.465,37.78,SurveyLatitude and Survey Longitude fields,,,,,,Nervous about going out late in the city,Expanded times,,,,,,,,,,,,,Experience brand new technology,respondent_group=Non-rider; purpose=; alternative=; choice_factors=; barriers=Nervous about going out late in the city; encouragement=Expanded times; late_night_change=; views_changed=,Derived public-safe record; raw open-ended responses omitted.,2002,20,18–24,Female,White,BS/BA,2,94118,Yes,3,"Public Transit (Bus, Train, etc.)"
RR-0079,Research Rider Dataset,Anonymized rider/non-rider survey,Cruise,Non-rider,Reliability/Late-Night Mobility,Neutral,-0.1,Survey response area,37.5234,-120.8517,-120.8517,37.5234,SurveyLatitude and Survey Longitude fields,,,,,,Nervous about going out late in the city,Expanded times,,,,,,,,,,,,,Experience brand new technology,respondent_group=Non-rider; purpose=; alternative=; choice_factors=; barriers=Nervous about going out late in the city; encouragement=Expanded times; late_night_change=; views_changed=,Derived public-safe record; raw open-ended responses omitted.,2002,20,18–24,Female,White,BS/BA,2,94118,Yes,3,"Public Transit (Bus, Train, etc.)"
RR-0080,Research Rider Dataset,Anonymized rider/non-rider survey,Cruise,Non-rider,Barrier to Riding,Neutral,-0.1,Survey response area,37.7825,-122.435,-122.435,37.7825,SurveyLatitude and Survey Longitude fields,,,,,,Other:,Other:,,,,,,,,,,,,,Expanded options leisure trips at night,respondent_group=Non-rider; purpose=; alternative=; choice_factors=; barriers=Other:; encouragement=Other:; late_night_change=; views_changed=,Derived public-safe record; raw open-ended responses omitted.,1999,23,18–24,Male,White,BS/BA,3,94118,No,1,Walk
RR-0081,Research Rider Dataset,Anonymized rider/non-rider survey,Cruise,Non-rider,Barrier to Riding,Neutral,-0.1,Survey response area,37.7825,-122.435,-122.435,37.7825,SurveyLatitude and Survey Longitude fields,,,,,,Other:,Other:,,,,,,,,,,,,,Expanded options leisure trips at night,respondent_group=Non-rider; purpose=; alternative=; choice_factors=; barriers=Other:; encouragement=Other:; late_night_change=; views_changed=,Derived public-safe record; raw open-ended responses omitted.,1999,23,18–24,Male,White,BS/BA,3,94118,No,1,Walk
RR-0082,Research Rider Dataset,Anonymized rider/non-rider survey,Cruise,Non-rider,Barrier to Riding,Neutral,-0.1,Survey response area,37.78,-122.465,-122.465,37.78,SurveyLatitude and Survey Longitude fields,,,,,,Did not seem like it could be regular transportation option,Access to more locations in the city,,,,,,,,,,,,,Free rides,respondent_group=Non-rider; purpose=; alternative=; choice_factors=; barriers=Did not seem like it could be regular transportation option; encouragement=Access to more locations in the city; late_night_change=; views_changed=,Derived public-safe record; raw open-ended responses omitted.,2001,21,18–24,Male,Asian,BS/BA,3,94112,No,3,Drive Alone
RR-0083,Research Rider Dataset,Anonymized rider/non-rider survey,Cruise,Non-rider,Transit Connection,Neutral,-0.1,Survey response area,37.7825,-122.435,-122.435,37.7825,SurveyLatitude and Survey Longitude fields,,,,,,Busy with school / work or schedule didn't allow,Expanded times,,,,,,,,,,,,,Experience brand new technology,respondent_group=Non-rider; purpose=; alternative=; choice_factors=; barriers=Busy with school / work or schedule didn't allow; encouragement=Expanded times; late_night_change=; views_changed=,Derived public-safe record; raw open-ended responses omitted.,2001,21,18–24,Female,Asian,BS/BA,2,94118,No,4,Walk
RR-0084,Research Rider Dataset,Anonymized rider/non-rider survey,Cruise,Non-rider,Barrier to Riding,Neutral,-0.1,Survey response area,37.7797,-122.4159,-122.4159,37.7797,SurveyLatitude and Survey Longitude fields,,,,,,Other:,Access to more locations in the city,,,,,,,,,,,,,Experience brand new technology,respondent_group=Non-rider; purpose=; alternative=; choice_factors=; barriers=Other:; encouragement=Access to more locations in the city; late_night_change=; views_changed=,Derived public-safe record; raw open-ended responses omitted.,1997,25,25–34,Female,Asian,Masters,Less than 1,94102,No,3,"Public Transit (Bus, Train, etc.)"
RR-0085,Research Rider Dataset,Anonymized rider/non-rider survey,Cruise,Non-rider,Barrier to Riding,Neutral,-0.1,Survey response area,37.7797,-122.4159,-122.4159,37.7797,SurveyLatitude and Survey Longitude fields,,,,,,Cars wouldn't go to all the places I wanted to go,Access to more locations in the city,,,,,,,,,,,,,Experience brand new technology,respondent_group=Non-rider; purpose=; alternative=; choice_factors=; barriers=Cars wouldn't go to all the places I wanted to go; encouragement=Access to more locations in the city; late_night_change=; views_changed=,Derived public-safe record; raw open-ended responses omitted.,1997,25,25–34,Female,Asian,Masters,Less than 1,94102,No,3,"Public Transit (Bus, Train, etc.)"
RR-0086,Research Rider Dataset,Anonymized rider/non-rider survey,Cruise,Non-rider,Barrier to Riding,Neutral,-0.1,Survey response area,37.7797,-122.4159,-122.4159,37.7797,SurveyLatitude and Survey Longitude fields,,,,,,Cars wouldn't go to all the places I wanted to go,Access to more locations in the city,,,,,,,,,,,,,Experience brand new technology,respondent_group=Non-rider; purpose=; alternative=; choice_factors=; barriers=Cars wouldn't go to all the places I wanted to go; encouragement=Access to more locations in the city; late_night_change=; views_changed=,Derived public-safe record; raw open-ended responses omitted.,1997,25,25–34,Female,Asian,Masters,Less than 1,94102,No,3,"Public Transit (Bus, Train, etc.)"
RR-0087,Research Rider Dataset,Anonymized rider/non-rider survey,Cruise,Non-rider,Barrier to Riding,Neutral,-0.1,Survey response area,37.7797,-122.4159,-122.4159,37.7797,SurveyLatitude and Survey Longitude fields,,,,,,Cars wouldn't go to all the places I wanted to go,Access to more locations in the city,,,,,,,,,,,,,Experience brand new technology,respondent_group=Non-rider; purpose=; alternative=; choice_factors=; barriers=Cars wouldn't go to all the places I wanted to go; encouragement=Access to more locations in the city; late_night_change=; views_changed=,Derived public-safe record; raw open-ended responses omitted.,1997,25,25–34,Female,Asian,Masters,Less than 1,94102,No,3,"Public Transit (Bus, Train, etc.)"
RR-0088,Research Rider Dataset,Anonymized rider/non-rider survey,Cruise,Non-rider,Barrier to Riding,Neutral,-0.1,Survey response area,38.6096,-121.4443,-121.4443,38.6096,SurveyLatitude and Survey Longitude fields,,,,,,Other:,Other:,,,,,,,,,,,,,Experience brand new technology,respondent_group=Non-rider; purpose=; alternative=; choice_factors=; barriers=Other:; encouragement=Other:; late_night_change=; views_changed=,Derived public-safe record; raw open-ended responses omitted.,1999,23,18–24,Male,Asian,Masters,Less than 1,94117,No,3,Walk
RR-0089,Research Rider Dataset,Anonymized rider/non-rider survey,Cruise,Non-rider,Barrier to Riding,Neutral,-0.1,Survey response area,37.6844,-122.438,-122.438,37.6844,SurveyLatitude and Survey Longitude fields,,,,,,Other:,Expanded times,,,,,,,,,,,,,Other:,respondent_group=Non-rider; purpose=; alternative=; choice_factors=; barriers=Other:; encouragement=Expanded times; late_night_change=; views_changed=,Derived public-safe record; raw open-ended responses omitted.,2001,21,18–24,Male,Asian,BS/BA,3,Other,No,3,Drive Alone
RR-0090,Research Rider Dataset,Anonymized rider/non-rider survey,Cruise,Non-rider,Transit Connection,Neutral,-0.1,Survey response area,51.9439,5.8939,5.8939,51.9439,SurveyLatitude and Survey Longitude fields,,,,,,Busy with school / work or schedule didn't allow,Expanded times,,,,,,,,,,,,,Free rides,respondent_group=Non-rider; purpose=; alternative=; choice_factors=; barriers=Busy with school / work or schedule didn't allow; encouragement=Expanded times; late_night_change=; views_changed=,Derived public-safe record; raw open-ended responses omitted.,,2022,,,,,,,,,
RR-0091,Research Rider Dataset,Anonymized rider/non-rider survey,Cruise,Non-rider,Barrier to Riding,Neutral,-0.1,Survey response area,37.7825,-122.435,-122.435,37.7825,SurveyLatitude and Survey Longitude fields,,,,,,Uncertain about availability of cars / getting stuck without a ride,Weekly reminders via email or phone,,,,,,,,,,,,,Experience brand new technology,respondent_group=Non-rider; purpose=; alternative=; choice_factors=; barriers=Uncertain about availability of cars / getting stuck without a ride; encouragement=Weekly reminders via email or phone; late_night_change=; views_changed=,Derived public-safe record; raw open-ended responses omitted.,2002,20,18–24,Male,White,BS/BA,2,94118,Yes,3,Walk
RR-0092,Research Rider Dataset,Anonymized rider/non-rider survey,Cruise,Non-rider,Transit Connection,Neutral,-0.1,Survey response area,37.78,-122.465,-122.465,37.78,SurveyLatitude and Survey Longitude fields,,,,,,Busy with school / work or schedule didn't allow,Expanded times,,,,,,,,,,,,,Experience brand new technology,respondent_group=Non-rider; purpose=; alternative=; choice_factors=; barriers=Busy with school / work or schedule didn't allow; encouragement=Expanded times; late_night_change=; views_changed=,Derived public-safe record; raw open-ended responses omitted.,2002,20,18–24,Male,White,BS/BA,2,94118,Yes,3,Walk
RR-0093,Research Rider Dataset,Anonymized rider/non-rider survey,Cruise,Non-rider,Barrier to Riding,Neutral,-0.1,Survey response area,37.3388,-121.8916,-121.8916,37.3388,SurveyLatitude and Survey Longitude fields,,,,,,Other:,Other:,,,,,,,,,,,,,Expanded options leisure trips at night,respondent_group=Non-rider; purpose=; alternative=; choice_factors=; barriers=Other:; encouragement=Other:; late_night_change=; views_changed=,Derived public-safe record; raw open-ended responses omitted.,2000,22,18–24,Male,Black or African American,BS/BA,3,94118,No,0,Walk
RR-0094,Research Rider Dataset,Anonymized rider/non-rider survey,Cruise,Non-rider,Barrier to Riding,Neutral,-0.1,Survey response area,37.3388,-121.8916,-121.8916,37.3388,SurveyLatitude and Survey Longitude fields,,,,,,Other:,Expanded times,,,,,,,,,,,,,Expanded options leisure trips at night,respondent_group=Non-rider; purpose=; alternative=; choice_factors=; barriers=Other:; encouragement=Expanded times; late_night_change=; views_changed=,Derived public-safe record; raw open-ended responses omitted.,2000,22,18–24,Male,Black or African American,BS/BA,3,94118,No,0,Walk
RR-0095,Research Rider Dataset,Anonymized rider/non-rider survey,Cruise,Non-rider,Barrier to Riding,Neutral,-0.1,Survey response area,37.7703,-122.4407,-122.4407,37.7703,SurveyLatitude and Survey Longitude fields,,,,,,Other:,Other:,,,,,,,,,,,,,Free rides,respondent_group=Non-rider; purpose=; alternative=; choice_factors=; barriers=Other:; encouragement=Other:; late_night_change=; views_changed=,Derived public-safe record; raw open-ended responses omitted.,,2022,,,,,,,,,
RR-0096,Research Rider Dataset,Anonymized rider/non-rider survey,Cruise,Non-rider,Transit Connection,Neutral,-0.1,Survey response area,37.7428,-122.1745,-122.1745,37.7428,SurveyLatitude and Survey Longitude fields,,,,,,Busy with school / work or schedule didn't allow,Expanded times,,,,,,,,,,,,,Expanded options leisure trips at night,respondent_group=Non-rider; purpose=; alternative=; choice_factors=; barriers=Busy with school / work or schedule didn't allow; encouragement=Expanded times; late_night_change=; views_changed=,Derived public-safe record; raw open-ended responses omitted.,2000,22,18–24,Male,Asian,BS/BA,4,94118,No,2,"Public Transit (Bus, Train, etc.)"
RR-0097,Research Rider Dataset,Anonymized rider/non-rider survey,Cruise,Non-rider,Barrier to Riding,Neutral,-0.1,Survey response area,37.6868,-122.1496,-122.1496,37.6868,SurveyLatitude and Survey Longitude fields,,,,,,Other:,Other:,,,,,,,,,,,,,Expanded options leisure trips at night,respondent_group=Non-rider; purpose=; alternative=; choice_factors=; barriers=Other:; encouragement=Other:; late_night_change=; views_changed=,Derived public-safe record; raw open-ended responses omitted.,2000,22,18–24,Male,Asian,BS/BA,4,94118,No,2,"Public Transit (Bus, Train, etc.)"
RR-0098,Research Rider Dataset,Anonymized rider/non-rider survey,Cruise,Non-rider,Barrier to Riding,Neutral,-0.1,Survey response area,37.7771,-122.406,-122.406,37.7771,SurveyLatitude and Survey Longitude fields,,,,,,Cars wouldn't go to all the places I wanted to go,Access to more locations in the city,,,,,,,,,,,,,Experience brand new technology,respondent_group=Non-rider; purpose=; alternative=; choice_factors=; barriers=Cars wouldn't go to all the places I wanted to go; encouragement=Access to more locations in the city; late_night_change=; views_changed=,Derived public-safe record; raw open-ended responses omitted.,1996,26,25–34,Male,Prefer not to say,Masters,1,94103,No,0,Bicycle
RR-0099,Research Rider Dataset,Anonymized rider/non-rider survey,Cruise,Non-rider,Transit Connection,Neutral,-0.1,Survey response area,37.7595,-122.4367,-122.4367,37.7595,SurveyLatitude and Survey Longitude fields,,,,,,Busy with school / work or schedule didn't allow,More incentives,,,,,,,,,,,,,Free rides,respondent_group=Non-rider; purpose=; alternative=; choice_factors=; barriers=Busy with school / work or schedule didn't allow; encouragement=More incentives; late_night_change=; views_changed=,Derived public-safe record; raw open-ended responses omitted.,1996,26,25–34,Male,Prefer not to say,Masters,1,94103,No,0,Bicycle
RR-0100,Research Rider Dataset,Anonymized rider/non-rider survey,Cruise,Non-rider,Barrier to Riding,Neutral,-0.1,Survey response area,37.7201,-122.4414,-122.4414,37.7201,SurveyLatitude and Survey Longitude fields,,,,,,Uncertain about availability of cars / getting stuck without a ride,Access to more locations in the city,,,,,,,,,,,,,Experience brand new technology,respondent_group=Non-rider; purpose=; alternative=; choice_factors=; barriers=Uncertain about availability of cars / getting stuck without a ride; encouragement=Access to more locations in the city; late_night_change=; views_changed=,Derived public-safe record; raw open-ended responses omitted.,1999,23,18–24,Male,Asian,BS/BA,Less than 1,94124,No,2,Drive Alone
RR-0101,Research Rider Dataset,Anonymized rider/non-rider survey,Cruise,Non-rider,Transit Connection,Neutral,-0.1,Survey response area,37.78,-122.465,-122.465,37.78,SurveyLatitude and Survey Longitude fields,,,,,,Busy with school / work or schedule didn't allow,Expanded times,,,,,,,,,,,,,Free rides,respondent_group=Non-rider; purpose=; alternative=; choice_factors=; barriers=Busy with school / work or schedule didn't allow; encouragement=Expanded times; late_night_change=; views_changed=,Derived public-safe record; raw open-ended responses omitted.,2001,21,18–24,Male,Asian,BS/BA,3,94118,Yes,1,"Public Transit (Bus, Train, etc.)"
RR-0102,Research Rider Dataset,Anonymized rider/non-rider survey,Cruise,Non-rider,Transit Connection,Neutral,-0.1,Survey response area,37.78,-122.465,-122.465,37.78,SurveyLatitude and Survey Longitude fields,,,,,,Busy with school / work or schedule didn't allow,Expanded times,,,,,,,,,,,,,Free rides,respondent_group=Non-rider; purpose=; alternative=; choice_factors=; barriers=Busy with school / work or schedule didn't allow; encouragement=Expanded times; late_night_change=; views_changed=,Derived public-safe record; raw open-ended responses omitted.,2001,21,18–24,Male,Asian,BS/BA,3,94118,Yes,1,"Public Transit (Bus, Train, etc.)"
RR-0103,Research Rider Dataset,Anonymized rider/non-rider survey,Cruise,Non-rider,Transit Connection,Neutral,-0.1,Survey response area,37.2507,-121.836,-121.836,37.2507,SurveyLatitude and Survey Longitude fields,,,,,,Busy with school / work or schedule didn't allow,Access to more locations in the city,,,,,,,,,,,,,Free rides,respondent_group=Non-rider; purpose=; alternative=; choice_factors=; barriers=Busy with school / work or schedule didn't allow; encouragement=Access to more locations in the city; late_night_change=; views_changed=,Derived public-safe record; raw open-ended responses omitted.,2001,21,18–24,Male,Asian,BS/BA,3,94118,Yes,1,"Public Transit (Bus, Train, etc.)"
RR-0104,Research Rider Dataset,Anonymized rider/non-rider survey,Cruise,Non-rider,Barrier to Riding,Neutral,-0.1,Survey response area,37.2507,-121.836,-121.836,37.2507,SurveyLatitude and Survey Longitude fields,,,,,,Cars wouldn't go to all the places I wanted to go,Access to more locations in the city,,,,,,,,,,,,,Free rides,respondent_group=Non-rider; purpose=; alternative=; choice_factors=; barriers=Cars wouldn't go to all the places I wanted to go; encouragement=Access to more locations in the city; late_night_change=; views_changed=,Derived public-safe record; raw open-ended responses omitted.,2001,21,18–24,Male,Asian,BS/BA,3,94118,Yes,1,"Public Transit (Bus, Train, etc.)"
RR-0105,Research Rider Dataset,Anonymized rider/non-rider survey,Cruise,Non-rider,Transit Connection,Neutral,-0.1,Survey response area,37.2507,-121.836,-121.836,37.2507,SurveyLatitude and Survey Longitude fields,,,,,,Busy with school / work or schedule didn't allow,Expanded times,,,,,,,,,,,,,Free rides,respondent_group=Non-rider; purpose=; alternative=; choice_factors=; barriers=Busy with school / work or schedule didn't allow; encouragement=Expanded times; late_night_change=; views_changed=,Derived public-safe record; raw open-ended responses omitted.,2001,21,18–24,Male,Asian,BS/BA,3,94118,Yes,1,"Public Transit (Bus, Train, etc.)"
RR-0106,Research Rider Dataset,Anonymized rider/non-rider survey,Cruise,Non-rider,Barrier to Riding,Neutral,-0.1,Survey response area,37.2507,-121.836,-121.836,37.2507,SurveyLatitude and Survey Longitude fields,,,,,,Decided to take another means of transportation,Expanded times,,,,,,,,,,,,,Free rides,respondent_group=Non-rider; purpose=; alternative=; choice_factors=; barriers=Decided to take another means of transportation; encouragement=Expanded times; late_night_change=; views_changed=,Derived public-safe record; raw open-ended responses omitted.,2001,21,18–24,Male,Asian,BS/BA,3,94118,Yes,1,"Public Transit (Bus, Train, etc.)"
RR-0107,Research Rider Dataset,Anonymized rider/non-rider survey,Cruise,Non-rider,Barrier to Riding,Neutral,-0.1,Survey response area,35.6897,139.6895,139.6895,35.6897,SurveyLatitude and Survey Longitude fields,,,,,,Other:,Access to more locations in the city,,,,,,,,,,,,,Experience brand new technology,respondent_group=Non-rider; purpose=; alternative=; choice_factors=; barriers=Other:; encouragement=Access to more locations in the city; late_night_change=; views_changed=,Derived public-safe record; raw open-ended responses omitted.,2000,22,18–24,Male,Asian,NA / Other,2,94118,No,1,"Public Transit (Bus, Train, etc.)"
RR-0108,Research Rider Dataset,Anonymized rider/non-rider survey,Cruise,Non-rider,Barrier to Riding,Neutral,-0.1,Survey response area,37.6196,-122.4816,-122.4816,37.6196,SurveyLatitude and Survey Longitude fields,,,,,,Other:,Other:,,,,,,,,,,,,,Experience brand new technology,respondent_group=Non-rider; purpose=; alternative=; choice_factors=; barriers=Other:; encouragement=Other:; late_night_change=; views_changed=,Derived public-safe record; raw open-ended responses omitted.,,2022,,,,,,,,,
RR-0109,Research Rider Dataset,Anonymized rider/non-rider survey,Cruise,Non-rider,Barrier to Riding,Neutral,-0.1,Survey response area,37.6196,-122.4816,-122.4816,37.6196,SurveyLatitude and Survey Longitude fields,,,,,,Cars wouldn't go to all the places I wanted to go,Expanded times,,,,,,,,,,,,,Free rides,respondent_group=Non-rider; purpose=; alternative=; choice_factors=; barriers=Cars wouldn't go to all the places I wanted to go; encouragement=Expanded times; late_night_change=; views_changed=,Derived public-safe record; raw open-ended responses omitted.,,2022,,,,,,,,,
RR-0110,Research Rider Dataset,Anonymized rider/non-rider survey,Cruise,Non-rider,Barrier to Riding,Neutral,-0.1,Survey response area,37.6196,-122.4816,-122.4816,37.6196,SurveyLatitude and Survey Longitude fields,,,,,,Did not seem like it could be regular transportation option,Expanded times,,,,,,,,,,,,,Free rides,respondent_group=Non-rider; purpose=; alternative=; choice_factors=; barriers=Did not seem like it could be regular transportation option; encouragement=Expanded times; late_night_change=; views_changed=,Derived public-safe record; raw open-ended responses omitted.,,2022,,,,,,,,,
RR-0111,Research Rider Dataset,Anonymized rider/non-rider survey,Cruise,Non-rider,Barrier to Riding,Neutral,-0.1,Survey response area,37.6196,-122.4816,-122.4816,37.6196,SurveyLatitude and Survey Longitude fields,,,,,,Decided to take another means of transportation,Expanded times,,,,,,,,,,,,,Free rides,respondent_group=Non-rider; purpose=; alternative=; choice_factors=; barriers=Decided to take another means of transportation; encouragement=Expanded times; late_night_change=; views_changed=,Derived public-safe record; raw open-ended responses omitted.,,2022,,,,,,,,,
RR-0112,Research Rider Dataset,Anonymized rider/non-rider survey,Cruise,Non-rider,Barrier to Riding,Neutral,-0.1,Survey response area,37.78,-122.465,-122.465,37.78,SurveyLatitude and Survey Longitude fields,,,,,,Cars wouldn't go to all the places I wanted to go,Expanded times,,,,,,,,,,,,,Free rides,respondent_group=Non-rider; purpose=; alternative=; choice_factors=; barriers=Cars wouldn't go to all the places I wanted to go; encouragement=Expanded times; late_night_change=; views_changed=,Derived public-safe record; raw open-ended responses omitted.,,2022,,,,,,,,,
RR-0113,Research Rider Dataset,Anonymized rider/non-rider survey,Cruise,Non-rider,Barrier to Riding,Neutral,-0.1,Survey response area,26.2681,-80.2092,-80.2092,26.2681,SurveyLatitude and Survey Longitude fields,,,,,,Other:,Expanded times,,,,,,,,,,,,,Free rides,respondent_group=Non-rider; purpose=; alternative=; choice_factors=; barriers=Other:; encouragement=Expanded times; late_night_change=; views_changed=,Derived public-safe record; raw open-ended responses omitted.,,2022,,,,,,,,,
RR-0114,Research Rider Dataset,Anonymized rider/non-rider survey,Cruise,Non-rider,Barrier to Riding,Neutral,-0.1,Survey response area,37.7691,-78.0091,-78.0091,37.7691,SurveyLatitude and Survey Longitude fields,,,,,,Other:,Expanded times,,,,,,,,,,,,,"No particular reason, just exploring",respondent_group=Non-rider; purpose=; alternative=; choice_factors=; barriers=Other:; encouragement=Expanded times; late_night_change=; views_changed=,Derived public-safe record; raw open-ended responses omitted.,1998,24,18–24,Male,Other,Masters,2,94123,No,2,"Public Transit (Bus, Train, etc.)"
RR-0115,Research Rider Dataset,Anonymized rider/non-rider survey,Cruise,Non-rider,Barrier to Riding,Neutral,-0.1,Survey response area,37.7771,-122.406,-122.406,37.7771,SurveyLatitude and Survey Longitude fields,,,,,,Cars wouldn't go to all the places I wanted to go,Access to more locations in the city,,,,,,,,,,,,,Experience brand new technology,respondent_group=Non-rider; purpose=; alternative=; choice_factors=; barriers=Cars wouldn't go to all the places I wanted to go; encouragement=Access to more locations in the city; late_night_change=; views_changed=,Derived public-safe record; raw open-ended responses omitted.,1994,28,25–34,Female,White,Masters,1,94103,No,6 or more,Drive or Ride with Others (Carpool / Vanpool)
RR-0116,Research Rider Dataset,Anonymized rider/non-rider survey,Cruise,Non-rider,Reliability/Late-Night Mobility,Neutral,-0.1,Survey response area,37.78,-122.465,-122.465,37.78,SurveyLatitude and Survey Longitude fields,,,,,,Nervous about going out late in the city,Expanded times,,,,,,,,,,,,,Experience brand new technology,respondent_group=Non-rider; purpose=; alternative=; choice_factors=; barriers=Nervous about going out late in the city; encouragement=Expanded times; late_night_change=; views_changed=,Derived public-safe record; raw open-ended responses omitted.,2001,21,18–24,Female,Asian,BS/BA,3,94118,Yes,0,"Public Transit (Bus, Train, etc.)"
RR-0117,Research Rider Dataset,Anonymized rider/non-rider survey,Cruise,Non-rider,Transit Connection,Neutral,-0.1,Survey response area,33.8351,-117.8652,-117.8652,33.8351,SurveyLatitude and Survey Longitude fields,,,,,,Busy with school / work or schedule didn't allow,Expanded times,,,,,,,,,,,,,Free rides,respondent_group=Non-rider; purpose=; alternative=; choice_factors=; barriers=Busy with school / work or schedule didn't allow; encouragement=Expanded times; late_night_change=; views_changed=,Derived public-safe record; raw open-ended responses omitted.,2001,21,18–24,Female,Asian,BS/BA,3,94118,Yes,0,"Public Transit (Bus, Train, etc.)"
RR-0118,Research Rider Dataset,Anonymized rider/non-rider survey,Cruise,Non-rider,Transit Connection,Neutral,-0.1,Survey response area,33.8351,-117.8652,-117.8652,33.8351,SurveyLatitude and Survey Longitude fields,,,,,,Busy with school / work or schedule didn't allow,Expanded times,,,,,,,,,,,,,Free rides,respondent_group=Non-rider; purpose=; alternative=; choice_factors=; barriers=Busy with school / work or schedule didn't allow; encouragement=Expanded times; late_night_change=; views_changed=,Derived public-safe record; raw open-ended responses omitted.,2001,21,18–24,Female,Asian,BS/BA,3,94118,Yes,0,"Public Transit (Bus, Train, etc.)"
RR-0119,Research Rider Dataset,Anonymized rider/non-rider survey,Cruise,Non-rider,Transit Connection,Neutral,-0.1,Survey response area,33.8351,-117.8652,-117.8652,33.8351,SurveyLatitude and Survey Longitude fields,,,,,,Busy with school / work or schedule didn't allow,Expanded times,,,,,,,,,,,,,Free rides,respondent_group=Non-rider; purpose=; alternative=; choice_factors=; barriers=Busy with school / work or schedule didn't allow; encouragement=Expanded times; late_night_change=; views_changed=,Derived public-safe record; raw open-ended responses omitted.,2001,21,18–24,Female,Asian,BS/BA,3,94118,Yes,0,"Public Transit (Bus, Train, etc.)"
RR-0120,Research Rider Dataset,Anonymized rider/non-rider survey,Cruise,Non-rider,Barrier to Riding,Neutral,-0.1,Survey response area,37.4446,-122.1835,-122.1835,37.4446,SurveyLatitude and Survey Longitude fields,,,,,,Other:,Other:,,,,,,,,,,,,,Expanded options for commuting,respondent_group=Non-rider; purpose=; alternative=; choice_factors=; barriers=Other:; encouragement=Other:; late_night_change=; views_changed=,Derived public-safe record; raw open-ended responses omitted.,1998,24,18–24,Female,White,BS/BA,2,94123,No,1,"Public Transit (Bus, Train, etc.)"
RR-0121,Research Rider Dataset,Anonymized rider/non-rider survey,Cruise,Non-rider,Barrier to Riding,Neutral,-0.1,Survey response area,37.7797,-122.4159,-122.4159,37.7797,SurveyLatitude and Survey Longitude fields,,,,,,Uncertain about availability of cars / getting stuck without a ride,Weekly reminders via email or phone,,,,,,,,,,,,,Experience brand new technology,respondent_group=Non-rider; purpose=; alternative=; choice_factors=; barriers=Uncertain about availability of cars / getting stuck without a ride; encouragement=Weekly reminders via email or phone; late_night_change=; views_changed=,Derived public-safe record; raw open-ended responses omitted.,2002,20,18–24,Male,Asian,BS/BA,2,94118,No,2,"Public Transit (Bus, Train, etc.)"
RR-0122,Research Rider Dataset,Anonymized rider/non-rider survey,Cruise,Non-rider,Barrier to Riding,Neutral,-0.1,Survey response area,37.7506,-122.4121,-122.4121,37.7506,SurveyLatitude and Survey Longitude fields,,,,,,Other:,Expanded times,,,,,,,,,,,,,Experience brand new technology,respondent_group=Non-rider; purpose=; alternative=; choice_factors=; barriers=Other:; encouragement=Expanded times; late_night_change=; views_changed=,Derived public-safe record; raw open-ended responses omitted.,1998,24,18–24,Male,Other,Masters,2,94123,No,2,"Public Transit (Bus, Train, etc.)"
RR-0123,Research Rider Dataset,Anonymized rider/non-rider survey,Cruise,Non-rider,Barrier to Riding,Neutral,-0.1,Survey response area,37.2941,-121.8996,-121.8996,37.2941,SurveyLatitude and Survey Longitude fields,,,,,,Other:,Access to more locations in the city,,,,,,,,,,,,,Free rides,respondent_group=Non-rider; purpose=; alternative=; choice_factors=; barriers=Other:; encouragement=Access to more locations in the city; late_night_change=; views_changed=,Derived public-safe record; raw open-ended responses omitted.,,2022,,,,,,,,,
RR-0124,Research Rider Dataset,Anonymized rider/non-rider survey,Cruise,Non-rider,Barrier to Riding,Neutral,-0.1,Survey response area,37.7201,-122.4414,-122.4414,37.7201,SurveyLatitude and Survey Longitude fields,,,,,,Other:,Expanded times,,,,,,,,,,,,,Expanded options for commuting,respondent_group=Non-rider; purpose=; alternative=; choice_factors=; barriers=Other:; encouragement=Expanded times; late_night_change=; views_changed=,Derived public-safe record; raw open-ended responses omitted.,2001,21,18–24,Female,Black or African American,BS/BA,1,94134,No,2,"Public Transit (Bus, Train, etc.)"
RR-0125,Research Rider Dataset,Anonymized rider/non-rider survey,Cruise,Non-rider,Barrier to Riding,Neutral,-0.1,Survey response area,37.78,-122.465,-122.465,37.78,SurveyLatitude and Survey Longitude fields,,,,,,Other:,Expanded times,,,,,,,,,,,,,"No particular reason, just exploring",respondent_group=Non-rider; purpose=; alternative=; choice_factors=; barriers=Other:; encouragement=Expanded times; late_night_change=; views_changed=,Derived public-safe record; raw open-ended responses omitted.,1994,28,25–34,Female,White,Masters,3,94118,,1,"Public Transit (Bus, Train, etc.)"
RR-0126,Research Rider Dataset,Anonymized rider/non-rider survey,Cruise,Non-rider,Transit Connection,Neutral,-0.1,Survey response area,37.7958,-122.4203,-122.4203,37.7958,SurveyLatitude and Survey Longitude fields,,,,,,Busy with school / work or schedule didn't allow,Expanded times,,,,,,,,,,,,,Experience brand new technology,respondent_group=Non-rider; purpose=; alternative=; choice_factors=; barriers=Busy with school / work or schedule didn't allow; encouragement=Expanded times; late_night_change=; views_changed=,Derived public-safe record; raw open-ended responses omitted.,1994,28,25–34,Female,White,Masters,3,94118,,1,"Public Transit (Bus, Train, etc.)"
RR-0127,Research Rider Dataset,Anonymized rider/non-rider survey,Cruise,Non-rider,Transit Connection,Neutral,-0.1,Survey response area,33.7372,-117.8232,-117.8232,33.7372,SurveyLatitude and Survey Longitude fields,,,,,,Busy with school / work or schedule didn't allow,Weekly reminders via email or phone,,,,,,,,,,,,,Free rides,respondent_group=Non-rider; purpose=; alternative=; choice_factors=; barriers=Busy with school / work or schedule didn't allow; encouragement=Weekly reminders via email or phone; late_night_change=; views_changed=,Derived public-safe record; raw open-ended responses omitted.,2001,21,18–24,Female,Asian,BS/BA,2,94117,Yes,1,"Public Transit (Bus, Train, etc.)"
RR-0128,Research Rider Dataset,Anonymized rider/non-rider survey,Cruise,Non-rider,Barrier to Riding,Neutral,-0.1,Survey response area,38.5569,-121.3627,-121.3627,38.5569,SurveyLatitude and Survey Longitude fields,,,,,,Other:,Expanded times,,,,,,,,,,,,,Free rides,respondent_group=Non-rider; purpose=; alternative=; choice_factors=; barriers=Other:; encouragement=Expanded times; late_night_change=; views_changed=,Derived public-safe record; raw open-ended responses omitted.,2001,21,18–24,Female,Asian,BS/BA,2,94117,Yes,1,"Public Transit (Bus, Train, etc.)"
RR-0129,Research Rider Dataset,Anonymized rider/non-rider survey,Cruise,Non-rider,Barrier to Riding,Neutral,-0.1,Survey response area,37.589,-122.0461,-122.0461,37.589,SurveyLatitude and Survey Longitude fields,,,,,,Did not seem like it could be regular transportation option,Other:,,,,,,,,,,,,,Free rides,respondent_group=Non-rider; purpose=; alternative=; choice_factors=; barriers=Did not seem like it could be regular transportation option; encouragement=Other:; late_night_change=; views_changed=,Derived public-safe record; raw open-ended responses omitted.,2001,21,18–24,Female,Asian,BS/BA,2,94117,Yes,1,"Public Transit (Bus, Train, etc.)"
RR-0130,Research Rider Dataset,Anonymized rider/non-rider survey,Cruise,Non-rider,Barrier to Riding,Neutral,-0.1,Survey response area,38.6226,-121.3885,-121.3885,38.6226,SurveyLatitude and Survey Longitude fields,,,,,,Did not seem like it could be regular transportation option,More incentives,,,,,,,,,,,,,Free rides,respondent_group=Non-rider; purpose=; alternative=; choice_factors=; barriers=Did not seem like it could be regular transportation option; encouragement=More incentives; late_night_change=; views_changed=,Derived public-safe record; raw open-ended responses omitted.,2001,21,18–24,Female,Asian,BS/BA,2,94117,Yes,1,"Public Transit (Bus, Train, etc.)"
RR-0131,Research Rider Dataset,Anonymized rider/non-rider survey,Cruise,Non-rider,Barrier to Riding,Neutral,-0.1,Survey response area,37.78,-122.465,-122.465,37.78,SurveyLatitude and Survey Longitude fields,,,,,,Other:,Expanded times,,,,,,,,,,,,,Free rides,respondent_group=Non-rider; purpose=; alternative=; choice_factors=; barriers=Other:; encouragement=Expanded times; late_night_change=; views_changed=,Derived public-safe record; raw open-ended responses omitted.,2002,20,18–24,Male,Prefer not to say,BS/BA,Less than 1,94118,Yes,1,Walk
RR-0132,Research Rider Dataset,Anonymized rider/non-rider survey,Cruise,Non-rider,Transit Connection,Neutral,-0.1,Survey response area,37.7771,-122.406,-122.406,37.7771,SurveyLatitude and Survey Longitude fields,,,,,,Busy with school / work or schedule didn't allow,Expanded times,,,,,,,,,,,,,Free rides,respondent_group=Non-rider; purpose=; alternative=; choice_factors=; barriers=Busy with school / work or schedule didn't allow; encouragement=Expanded times; late_night_change=; views_changed=,Derived public-safe record; raw open-ended responses omitted.,2002,20,18–24,Male,Prefer not to say,BS/BA,Less than 1,94118,Yes,1,Walk
RR-0133,Research Rider Dataset,Anonymized rider/non-rider survey,Cruise,Non-rider,Barrier to Riding,Neutral,-0.1,Survey response area,37.78,-122.465,-122.465,37.78,SurveyLatitude and Survey Longitude fields,,,,,,Other:,Weekly reminders via email or phone,,,,,,,,,,,,,Free rides,respondent_group=Non-rider; purpose=; alternative=; choice_factors=; barriers=Other:; encouragement=Weekly reminders via email or phone; late_night_change=; views_changed=,Derived public-safe record; raw open-ended responses omitted.,2000,22,18–24,Male,White,BS/BA,4,94118,No,4,Other
RR-0134,Research Rider Dataset,Anonymized rider/non-rider survey,Cruise,Non-rider,Barrier to Riding,Neutral,-0.1,Survey response area,37.78,-122.465,-122.465,37.78,SurveyLatitude and Survey Longitude fields,,,,,,Other:,Expanded times,,,,,,,,,,,,,Experience brand new technology,respondent_group=Non-rider; purpose=; alternative=; choice_factors=; barriers=Other:; encouragement=Expanded times; late_night_change=; views_changed=,Derived public-safe record; raw open-ended responses omitted.,2000,22,18–24,Male,White,BS/BA,4,94118,No,4,Other
RR-0135,Research Rider Dataset,Anonymized rider/non-rider survey,Cruise,Non-rider,Barrier to Riding,Neutral,-0.1,Survey response area,37.7797,-122.4159,-122.4159,37.7797,SurveyLatitude and Survey Longitude fields,,,,,,Other:,Access to more locations in the city,,,,,,,,,,,,,Expanded options for commuting,respondent_group=Non-rider; purpose=; alternative=; choice_factors=; barriers=Other:; encouragement=Access to more locations in the city; late_night_change=; views_changed=,Derived public-safe record; raw open-ended responses omitted.,,2022,,,,,,,,,
RR-0136,Research Rider Dataset,Anonymized rider/non-rider survey,Cruise,Non-rider,Transit Connection,Neutral,-0.1,Survey response area,37.78,-122.465,-122.465,37.78,SurveyLatitude and Survey Longitude fields,,,,,,Busy with school / work or schedule didn't allow,Expanded times,,,,,,,,,,,,,"No particular reason, just exploring",respondent_group=Non-rider; purpose=; alternative=; choice_factors=; barriers=Busy with school / work or schedule didn't allow; encouragement=Expanded times; late_night_change=; views_changed=,Derived public-safe record; raw open-ended responses omitted.,2001,21,18–24,Male,Black or African American,BS/BA,2,94118,Yes,3,"Public Transit (Bus, Train, etc.)"
RR-0137,Research Rider Dataset,Anonymized rider/non-rider survey,Cruise,Non-rider,Transit Connection,Neutral,-0.1,Survey response area,37.7585,-122.1856,-122.1856,37.7585,SurveyLatitude and Survey Longitude fields,,,,,,Busy with school / work or schedule didn't allow,Weekly reminders via email or phone,,,,,,,,,,,,,"No particular reason, just exploring",respondent_group=Non-rider; purpose=; alternative=; choice_factors=; barriers=Busy with school / work or schedule didn't allow; encouragement=Weekly reminders via email or phone; late_night_change=; views_changed=,Derived public-safe record; raw open-ended responses omitted.,2001,21,18–24,Female,Black or African American,BS/BA,3,94118,No,3,"Public Transit (Bus, Train, etc.)"
RR-0138,Research Rider Dataset,Anonymized rider/non-rider survey,Cruise,Non-rider,Barrier to Riding,Neutral,-0.1,Survey response area,37.7958,-122.4203,-122.4203,37.7958,SurveyLatitude and Survey Longitude fields,,,,,,Decided to take another means of transportation,Social media or other nudges,,,,,,,,,,,,,Expanded options for commuting,respondent_group=Non-rider; purpose=; alternative=; choice_factors=; barriers=Decided to take another means of transportation; encouragement=Social media or other nudges; late_night_change=; views_changed=,Derived public-safe record; raw open-ended responses omitted.,2001,21,18–24,Male,Asian,BS/BA,1,94112,No,0,"Public Transit (Bus, Train, etc.)"
RR-0139,Research Rider Dataset,Anonymized rider/non-rider survey,Cruise,Non-rider,Barrier to Riding,Neutral,-0.1,Survey response area,10.8326,106.6581,106.6581,10.8326,SurveyLatitude and Survey Longitude fields,,,,,,Decided to take another means of transportation,Weekly reminders via email or phone,,,,,,,,,,,,,Experience brand new technology,respondent_group=Non-rider; purpose=; alternative=; choice_factors=; barriers=Decided to take another means of transportation; encouragement=Weekly reminders via email or phone; late_night_change=; views_changed=,Derived public-safe record; raw open-ended responses omitted.,2001,21,18–24,Male,Asian,BS/BA,1,94112,No,0,"Public Transit (Bus, Train, etc.)"
RR-0140,Research Rider Dataset,Anonymized rider/non-rider survey,Cruise,Non-rider,Transit Connection,Neutral,-0.1,Survey response area,10.8326,106.6581,106.6581,10.8326,SurveyLatitude and Survey Longitude fields,,,,,,Busy with school / work or schedule didn't allow,Weekly reminders via email or phone,,,,,,,,,,,,,Free rides,respondent_group=Non-rider; purpose=; alternative=; choice_factors=; barriers=Busy with school / work or schedule didn't allow; encouragement=Weekly reminders via email or phone; late_night_change=; views_changed=,Derived public-safe record; raw open-ended responses omitted.,2001,21,18–24,Male,Asian,BS/BA,1,94112,No,0,"Public Transit (Bus, Train, etc.)"
RR-0141,Research Rider Dataset,Anonymized rider/non-rider survey,Cruise,Non-rider,Barrier to Riding,Neutral,-0.1,Survey response area,10.8326,106.6581,106.6581,10.8326,SurveyLatitude and Survey Longitude fields,,,,,,Apprehensive with driverless technology / no driver in car,Weekly reminders via email or phone,,,,,,,,,,,,,Experience brand new technology,respondent_group=Non-rider; purpose=; alternative=; choice_factors=; barriers=Apprehensive with driverless technology / no driver in car; encouragement=Weekly reminders via email or phone; late_night_change=; views_changed=,Derived public-safe record; raw open-ended responses omitted.,2001,21,18–24,Male,Asian,BS/BA,1,94112,No,0,"Public Transit (Bus, Train, etc.)"
RR-0142,Research Rider Dataset,Anonymized rider/non-rider survey,Cruise,Non-rider,Reliability/Late-Night Mobility,Neutral,-0.1,Survey response area,10.8326,106.6581,106.6581,10.8326,SurveyLatitude and Survey Longitude fields,,,,,,Nervous about going out late in the city,Social media or other nudges,,,,,,,,,,,,,Free rides,respondent_group=Non-rider; purpose=; alternative=; choice_factors=; barriers=Nervous about going out late in the city; encouragement=Social media or other nudges; late_night_change=; views_changed=,Derived public-safe record; raw open-ended responses omitted.,2001,21,18–24,Male,Asian,BS/BA,1,94112,No,0,"Public Transit (Bus, Train, etc.)"
RR-0143,Research Rider Dataset,Anonymized rider/non-rider survey,Cruise,Non-rider,Barrier to Riding,Neutral,-0.1,Survey response area,37.7771,-122.406,-122.406,37.7771,SurveyLatitude and Survey Longitude fields,,,,,,Other:,Weekly reminders via email or phone,,,,,,,,,,,,,Experience brand new technology,respondent_group=Non-rider; purpose=; alternative=; choice_factors=; barriers=Other:; encouragement=Weekly reminders via email or phone; late_night_change=; views_changed=,Derived public-safe record; raw open-ended responses omitted.,2001,21,18–24,Male,Other,BS/BA,3,94118,Yes,1,Walk
RR-0144,Research Rider Dataset,Anonymized rider/non-rider survey,Cruise,Non-rider,Barrier to Riding,Neutral,-0.1,Survey response area,39.9664,-75.1685,-75.1685,39.9664,SurveyLatitude and Survey Longitude fields,,,,,,Other:,Other:,,,,,,,,,,,,,Experience brand new technology,respondent_group=Non-rider; purpose=; alternative=; choice_factors=; barriers=Other:; encouragement=Other:; late_night_change=; views_changed=,Derived public-safe record; raw open-ended responses omitted.,,2022,,,,,,,,,
RR-0145,Research Rider Dataset,Anonymized rider/non-rider survey,Cruise,Non-rider,Barrier to Riding,Neutral,-0.1,Survey response area,37.78,-122.465,-122.465,37.78,SurveyLatitude and Survey Longitude fields,,,,,,Cars wouldn't go to all the places I wanted to go,Expanded times,,,,,,,,,,,,,Free rides,respondent_group=Non-rider; purpose=; alternative=; choice_factors=; barriers=Cars wouldn't go to all the places I wanted to go; encouragement=Expanded times; late_night_change=; views_changed=,Derived public-safe record; raw open-ended responses omitted.,1998,24,18–24,Male,White,Masters,Less than 1,94118,No,2,"Public Transit (Bus, Train, etc.)"
RR-0146,Research Rider Dataset,Anonymized rider/non-rider survey,Cruise,Non-rider,Barrier to Riding,Neutral,-0.1,Survey response area,37.78,-122.465,-122.465,37.78,SurveyLatitude and Survey Longitude fields,,,,,,Other:,Access to more locations in the city,,,,,,,,,,,,,Experience brand new technology,respondent_group=Non-rider; purpose=; alternative=; choice_factors=; barriers=Other:; encouragement=Access to more locations in the city; late_night_change=; views_changed=,Derived public-safe record; raw open-ended responses omitted.,1998,24,18–24,Male,White,Masters,Less than 1,94118,No,2,"Public Transit (Bus, Train, etc.)"
RR-0147,Research Rider Dataset,Anonymized rider/non-rider survey,Cruise,Non-rider,Barrier to Riding,Neutral,-0.1,Survey response area,42.4125,-71.0034,-71.0034,42.4125,SurveyLatitude and Survey Longitude fields,,,,,,Other:,Expanded times,,,,,,,,,,,,,Experience brand new technology,respondent_group=Non-rider; purpose=; alternative=; choice_factors=; barriers=Other:; encouragement=Expanded times; late_night_change=; views_changed=,Derived public-safe record; raw open-ended responses omitted.,1998,24,18–24,Male,White,Masters,Less than 1,94118,No,2,"Public Transit (Bus, Train, etc.)"
RR-0148,Research Rider Dataset,Anonymized rider/non-rider survey,Cruise,Non-rider,Barrier to Riding,Neutral,-0.1,Survey response area,37.7695,-122.385,-122.385,37.7695,SurveyLatitude and Survey Longitude fields,,,,,,Cars wouldn't go to all the places I wanted to go,Access to more locations in the city,,,,,,,,,,,,,Free rides,respondent_group=Non-rider; purpose=; alternative=; choice_factors=; barriers=Cars wouldn't go to all the places I wanted to go; encouragement=Access to more locations in the city; late_night_change=; views_changed=,Derived public-safe record; raw open-ended responses omitted.,1998,24,18–24,Male,White,Masters,Less than 1,94118,No,2,"Public Transit (Bus, Train, etc.)"
RR-0149,Research Rider Dataset,Anonymized rider/non-rider survey,Cruise,Non-rider,Barrier to Riding,Neutral,-0.1,Survey response area,37.7825,-122.435,-122.435,37.7825,SurveyLatitude and Survey Longitude fields,,,,,,Cars wouldn't go to all the places I wanted to go,Expanded times,,,,,,,,,,,,,Experience brand new technology,respondent_group=Non-rider; purpose=; alternative=; choice_factors=; barriers=Cars wouldn't go to all the places I wanted to go; encouragement=Expanded times; late_night_change=; views_changed=,Derived public-safe record; raw open-ended responses omitted.,1999,23,18–24,Male,Other,BS/BA,4,94118,No,4,"Rideshare (e.g. Uber, Lyft, etc.)"
RR-0150,Research Rider Dataset,Anonymized rider/non-rider survey,Cruise,Non-rider,Barrier to Riding,Neutral,-0.1,Survey response area,33.5679,-117.7046,-117.7046,33.5679,SurveyLatitude and Survey Longitude fields,,,,,,Other:,Access to more locations in the city,,,,,,,,,,,,,Experience brand new technology,respondent_group=Non-rider; purpose=; alternative=; choice_factors=; barriers=Other:; encouragement=Access to more locations in the city; late_night_change=; views_changed=,Derived public-safe record; raw open-ended responses omitted.,1999,23,18–24,Male,Other,BS/BA,4,94118,No,4,"Rideshare (e.g. Uber, Lyft, etc.)"
RR-0151,Research Rider Dataset,Anonymized rider/non-rider survey,Cruise,Non-rider,Barrier to Riding,Neutral,-0.1,Survey response area,37.7833,-122.4952,-122.4952,37.7833,SurveyLatitude and Survey Longitude fields,,,,,,Other:,Expanded times,,,,,,,,,,,,,Free rides,respondent_group=Non-rider; purpose=; alternative=; choice_factors=; barriers=Other:; encouragement=Expanded times; late_night_change=; views_changed=,Derived public-safe record; raw open-ended responses omitted.,2000,22,18–24,Female,Asian,BS/BA,3,94121,No,4,"Public Transit (Bus, Train, etc.)"
RR-0152,Research Rider Dataset,Anonymized rider/non-rider survey,Cruise,Non-rider,Barrier to Riding,Neutral,-0.1,Survey response area,37.78,-122.465,-122.465,37.78,SurveyLatitude and Survey Longitude fields,,,,,,Other:,Other:,,,,,,,,,,,,,Free rides,respondent_group=Non-rider; purpose=; alternative=; choice_factors=; barriers=Other:; encouragement=Other:; late_night_change=; views_changed=,Derived public-safe record; raw open-ended responses omitted.,2001,21,18–24,Female,White,BS/BA,3,94118,Yes,1,"Rideshare (e.g. Uber, Lyft, etc.)"
RR-0153,Research Rider Dataset,Anonymized rider/non-rider survey,Cruise,Non-rider,Transit Connection,Neutral,-0.1,Survey response area,37.78,-122.465,-122.465,37.78,SurveyLatitude and Survey Longitude fields,,,,,,Busy with school / work or schedule didn't allow,More incentives,,,,,,,,,,,,,"No particular reason, just exploring",respondent_group=Non-rider; purpose=; alternative=; choice_factors=; barriers=Busy with school / work or schedule didn't allow; encouragement=More incentives; late_night_change=; views_changed=,Derived public-safe record; raw open-ended responses omitted.,,2022,,,,,,94132,No,0,Drive or Ride with Others (Carpool / Vanpool)
RR-0154,Research Rider Dataset,Anonymized rider/non-rider survey,Cruise,Non-rider,Transit Connection,Neutral,-0.1,Survey response area,37.589,-122.0461,-122.0461,37.589,SurveyLatitude and Survey Longitude fields,,,,,,Busy with school / work or schedule didn't allow,Expanded times,,,,,,,,,,,,,Expanded options leisure trips at night,respondent_group=Non-rider; purpose=; alternative=; choice_factors=; barriers=Busy with school / work or schedule didn't allow; encouragement=Expanded times; late_night_change=; views_changed=,Derived public-safe record; raw open-ended responses omitted.,1998,24,18–24,Female,Other,BS/BA,3,94121,No,3,"Public Transit (Bus, Train, etc.)"
RR-0155,Research Rider Dataset,Anonymized rider/non-rider survey,Cruise,Non-rider,Transit Connection,Neutral,-0.1,Survey response area,37.7797,-122.4159,-122.4159,37.7797,SurveyLatitude and Survey Longitude fields,,,,,,Busy with school / work or schedule didn't allow,Expanded times,,,,,,,,,,,,,Free rides,respondent_group=Non-rider; purpose=; alternative=; choice_factors=; barriers=Busy with school / work or schedule didn't allow; encouragement=Expanded times; late_night_change=; views_changed=,Derived public-safe record; raw open-ended responses omitted.,1999,23,18–24,Female,Asian,BS/BA,4,94121,No,1,"Rideshare (e.g. Uber, Lyft, etc.)"
RR-0156,Research Rider Dataset,Anonymized rider/non-rider survey,Cruise,Non-rider,Barrier to Riding,Neutral,-0.1,Survey response area,37.342,-121.9049,-121.9049,37.342,SurveyLatitude and Survey Longitude fields,,,,,,Other:,More incentives,,,,,,,,,,,,,Experience brand new technology,respondent_group=Non-rider; purpose=; alternative=; choice_factors=; barriers=Other:; encouragement=More incentives; late_night_change=; views_changed=,Derived public-safe record; raw open-ended responses omitted.,2000,22,18–24,Male,White,BS/BA,1,94114,No,1,"Public Transit (Bus, Train, etc.)"
RR-0157,Research Rider Dataset,Anonymized rider/non-rider survey,Cruise,Non-rider,Barrier to Riding,Neutral,-0.1,Survey response area,37.5731,-122.0539,-122.0539,37.5731,SurveyLatitude and Survey Longitude fields,,,,,,Cars wouldn't go to all the places I wanted to go,Access to more locations in the city,,,,,,,,,,,,,Experience brand new technology,respondent_group=Non-rider; purpose=; alternative=; choice_factors=; barriers=Cars wouldn't go to all the places I wanted to go; encouragement=Access to more locations in the city; late_night_change=; views_changed=,Derived public-safe record; raw open-ended responses omitted.,2000,22,18–24,Male,White,BS/BA,1,94114,No,1,"Public Transit (Bus, Train, etc.)"
RR-0158,Research Rider Dataset,Anonymized rider/non-rider survey,Cruise,Non-rider,Transit Connection,Neutral,-0.1,Survey response area,37.7562,-122.4866,-122.4866,37.7562,SurveyLatitude and Survey Longitude fields,,,,,,Busy with school / work or schedule didn't allow,Expanded times,,,,,,,,,,,,,Experience brand new technology,respondent_group=Non-rider; purpose=; alternative=; choice_factors=; barriers=Busy with school / work or schedule didn't allow; encouragement=Expanded times; late_night_change=; views_changed=,Derived public-safe record; raw open-ended responses omitted.,1993,29,25–34,Male,Asian,Masters,1,94122,Yes,0,"Public Transit (Bus, Train, etc.)"
RR-0159,Research Rider Dataset,Anonymized rider/non-rider survey,Cruise,Non-rider,Barrier to Riding,Neutral,-0.1,Survey response area,37.7595,-122.4367,-122.4367,37.7595,SurveyLatitude and Survey Longitude fields,,,,,,Other:,Access to more locations in the city,,,,,,,,,,,,,Experience brand new technology,respondent_group=Non-rider; purpose=; alternative=; choice_factors=; barriers=Other:; encouragement=Access to more locations in the city; late_night_change=; views_changed=,Derived public-safe record; raw open-ended responses omitted.,1993,29,25–34,Male,Asian,Masters,1,94122,Yes,0,"Public Transit (Bus, Train, etc.)"
RR-0160,Research Rider Dataset,Anonymized rider/non-rider survey,Cruise,Non-rider,Barrier to Riding,Neutral,-0.1,Survey response area,37.78,-122.465,-122.465,37.78,SurveyLatitude and Survey Longitude fields,,,,,,Did not seem like it could be regular transportation option,Expanded times,,,,,,,,,,,,,Free rides,respondent_group=Non-rider; purpose=; alternative=; choice_factors=; barriers=Did not seem like it could be regular transportation option; encouragement=Expanded times; late_night_change=; views_changed=,Derived public-safe record; raw open-ended responses omitted.,2002,20,18–24,Female,Black or African American,BS/BA,2,94114,Yes,1,"Public Transit (Bus, Train, etc.)"
RR-0161,Research Rider Dataset,Anonymized rider/non-rider survey,Cruise,Non-rider,Barrier to Riding,Neutral,-0.1,Survey response area,49.245,-123.1337,-123.1337,49.245,SurveyLatitude and Survey Longitude fields,,,,,,Other:,Expanded times,,,,,,,,,,,,,Free rides,respondent_group=Non-rider; purpose=; alternative=; choice_factors=; barriers=Other:; encouragement=Expanded times; late_night_change=; views_changed=,Derived public-safe record; raw open-ended responses omitted.,2001,21,18–24,Female,Black or African American,BS/BA,3,94117,No,0,"Rideshare (e.g. Uber, Lyft, etc.)"
RR-0162,Research Rider Dataset,Anonymized rider/non-rider survey,Cruise,Non-rider,Barrier to Riding,Neutral,-0.1,Survey response area,37.78,-122.465,-122.465,37.78,SurveyLatitude and Survey Longitude fields,,,,,,Other:,Expanded times,,,,,,,,,,,,,Experience brand new technology,respondent_group=Non-rider; purpose=; alternative=; choice_factors=; barriers=Other:; encouragement=Expanded times; late_night_change=; views_changed=,Derived public-safe record; raw open-ended responses omitted.,1999,23,18–24,Male,White,BS/BA,1,94118,No,1,Walk
RR-0163,Research Rider Dataset,Anonymized rider/non-rider survey,Cruise,Non-rider,Barrier to Riding,Neutral,-0.1,Survey response area,37.7201,-122.4414,-122.4414,37.7201,SurveyLatitude and Survey Longitude fields,,,,,,Uncertain about availability of cars / getting stuck without a ride,Expanded times,,,,,,,,,,,,,Experience brand new technology,respondent_group=Non-rider; purpose=; alternative=; choice_factors=; barriers=Uncertain about availability of cars / getting stuck without a ride; encouragement=Expanded times; late_night_change=; views_changed=,Derived public-safe record; raw open-ended responses omitted.,1993,29,25–34,Female,Asian,Masters,Less than 1,94112,No,2,"Public Transit (Bus, Train, etc.)"
RR-0164,Research Rider Dataset,Anonymized rider/non-rider survey,Cruise,Non-rider,Barrier to Riding,Neutral,-0.1,Survey response area,37.7308,-122.3838,-122.3838,37.7308,SurveyLatitude and Survey Longitude fields,,,,,,Cars wouldn't go to all the places I wanted to go,Access to more locations in the city,,,,,,,,,,,,,Experience brand new technology,respondent_group=Non-rider; purpose=; alternative=; choice_factors=; barriers=Cars wouldn't go to all the places I wanted to go; encouragement=Access to more locations in the city; late_night_change=; views_changed=,Derived public-safe record; raw open-ended responses omitted.,1993,29,25–34,Female,Asian,Masters,Less than 1,94112,No,2,"Public Transit (Bus, Train, etc.)"
RR-0165,Research Rider Dataset,Anonymized rider/non-rider survey,Cruise,Non-rider,Barrier to Riding,Neutral,-0.1,Survey response area,37.78,-122.465,-122.465,37.78,SurveyLatitude and Survey Longitude fields,,,,,,Cars wouldn't go to all the places I wanted to go,Access to more locations in the city,,,,,,,,,,,,,Free rides,respondent_group=Non-rider; purpose=; alternative=; choice_factors=; barriers=Cars wouldn't go to all the places I wanted to go; encouragement=Access to more locations in the city; late_night_change=; views_changed=,Derived public-safe record; raw open-ended responses omitted.,2003,19,18–24,Female,Other,BS/BA,Less than 1,94118,Yes,1,"Public Transit (Bus, Train, etc.)"
RR-0166,Research Rider Dataset,Anonymized rider/non-rider survey,Cruise,Non-rider,Barrier to Riding,Neutral,-0.1,Survey response area,37.78,-122.465,-122.465,37.78,SurveyLatitude and Survey Longitude fields,,,,,,Cars wouldn't go to all the places I wanted to go,Access to more locations in the city,,,,,,,,,,,,,Experience brand new technology,respondent_group=Non-rider; purpose=; alternative=; choice_factors=; barriers=Cars wouldn't go to all the places I wanted to go; encouragement=Access to more locations in the city; late_night_change=; views_changed=,Derived public-safe record; raw open-ended responses omitted.,2002,20,18–24,Male,Other,BS/BA,2,94103,No,0,"Public Transit (Bus, Train, etc.)"
RR-0167,Research Rider Dataset,Anonymized rider/non-rider survey,Cruise,Non-rider,Barrier to Riding,Neutral,-0.1,Survey response area,37.78,-122.465,-122.465,37.78,SurveyLatitude and Survey Longitude fields,,,,,,Other:,Access to more locations in the city,,,,,,,,,,,,,Experience brand new technology,respondent_group=Non-rider; purpose=; alternative=; choice_factors=; barriers=Other:; encouragement=Access to more locations in the city; late_night_change=; views_changed=,Derived public-safe record; raw open-ended responses omitted.,2002,20,18–24,Male,Other,BS/BA,2,94103,No,0,"Public Transit (Bus, Train, etc.)"
RR-0168,Research Rider Dataset,Anonymized rider/non-rider survey,Cruise,Non-rider,Barrier to Riding,Neutral,-0.1,Survey response area,37.78,-122.465,-122.465,37.78,SurveyLatitude and Survey Longitude fields,,,,,,Other:,More incentives,,,,,,,,,,,,,Free rides,respondent_group=Non-rider; purpose=; alternative=; choice_factors=; barriers=Other:; encouragement=More incentives; late_night_change=; views_changed=,Derived public-safe record; raw open-ended responses omitted.,2001,21,18–24,Female,Asian,BS/BA,3,94118,No,4,Drive Alone
RR-0169,Research Rider Dataset,Anonymized rider/non-rider survey,Cruise,Non-rider,Transit Connection,Neutral,-0.1,Survey response area,37.78,-122.465,-122.465,37.78,SurveyLatitude and Survey Longitude fields,,,,,,Busy with school / work or schedule didn't allow,More incentives,,,,,,,,,,,,,Free rides,respondent_group=Non-rider; purpose=; alternative=; choice_factors=; barriers=Busy with school / work or schedule didn't allow; encouragement=More incentives; late_night_change=; views_changed=,Derived public-safe record; raw open-ended responses omitted.,2001,21,18–24,Female,Asian,BS/BA,3,94118,No,4,Drive Alone
